Unity Editor version:    2020.3.25f1 (9b9180224418)
Branch:                  2020.3/staging
Build type:              Release
Batch mode:              YES
System name:             Linux
Distro version:          #152-Ubuntu SMP Wed Nov 23 20:19:22 UTC 2022
Kernel version:          5.4.0-135-generic
Architecture:            x86_64
Available memory:        15434 MB
Using pre-set license
Pro License: NO
Desktop is 2048 x 1152 @ 60 Hz

COMMAND LINE ARGUMENTS:
Unity
-adb2
-batchMode
-noUpm
-name
AssetImportWorker0
-projectPath
/home/valio/Unity Projects /SuperChess
-logFile
Logs/AssetImportWorker0.log
-srvPort
37579
Successfully changed project path to: /home/valio/Unity Projects /SuperChess
/home/valio/Unity Projects /SuperChess
Using Asset Import Pipeline V2.
Refreshing native plugins compatible for Editor in 66.80 ms, found 0 plugins.
Preloading 0 native plugins for Editor in 0.00 ms.
Initialize engine version: 2020.3.25f1 (9b9180224418)
[Subsystems] Discovering subsystems at path /home/valio/Unity/Hub/Editor/2020.3.25f1/Editor/Data/Resources/UnitySubsystems
[Subsystems] Discovering subsystems at path /home/valio/Unity Projects /SuperChess/Assets
GLX Extensions: GLX_ARB_get_proc_address GLX_ARB_multisample GLX_EXT_visual_info GLX_EXT_visual_rating GLX_EXT_import_context GLX_SGI_video_sync GLX_SGIX_fbconfig GLX_SGIX_pbuffer GLX_SGI_swap_control GLX_EXT_swap_control GLX_EXT_swap_control_tear GLX_EXT_buffer_age GLX_ARB_create_context GLX_ARB_create_context_profile GLX_NV_float_buffer GLX_ARB_fbconfig_float GLX_EXT_texture_from_pixmap GLX_EXT_framebuffer_sRGB GLX_NV_copy_image GLX_EXT_create_context_es_profile GLX_EXT_create_context_es2_profile GLX_ARB_create_context_no_error GLX_ARB_create_context_robustness GLX_NV_delay_before_swap GLX_EXT_stereo_tree GLX_ARB_context_flush_control GLX_NV_robustness_video_memory_purge GLX_NV_multigpu_context 
Renderer: NVIDIA GeForce 940MX/PCIe/SSE2
Vendor:   NVIDIA Corporation
Version:  4.5.0 NVIDIA 470.161.03
GLES:     0
 GL_AMD_multi_draw_indirect GL_AMD_seamless_cubemap_per_texture GL_ARB_arrays_of_arrays GL_ARB_base_instance GL_ARB_bindless_texture GL_ARB_blend_func_extended GL_ARB_buffer_storage GL_ARB_clear_buffer_object GL_ARB_clear_texture GL_ARB_clip_control GL_ARB_color_buffer_float GL_ARB_compressed_texture_pixel_storage GL_ARB_conservative_depth GL_ARB_compute_shader GL_ARB_compute_variable_group_size GL_ARB_conditional_render_inverted GL_ARB_copy_buffer GL_ARB_copy_image GL_ARB_cull_distance GL_ARB_debug_output GL_ARB_depth_buffer_float GL_ARB_depth_clamp GL_ARB_depth_texture GL_ARB_derivative_control GL_ARB_direct_state_access GL_ARB_draw_buffers GL_ARB_draw_buffers_blend GL_ARB_draw_indirect GL_ARB_draw_elements_base_vertex GL_ARB_draw_instanced GL_ARB_enhanced_layouts GL_ARB_ES2_compatibility GL_ARB_ES3_compatibility GL_ARB_ES3_1_compatibility GL_ARB_ES3_2_compatibility GL_ARB_explicit_attrib_location GL_ARB_explicit_uniform_location GL_ARB_fragment_coord_conventions GL_ARB_fragment_layer_viewport GL_ARB_fragm
ent_program GL_ARB_fragment_program_shadow GL_ARB_fragment_shader GL_ARB_framebuffer_no_attachments GL_ARB_framebuffer_object GL_ARB_framebuffer_sRGB GL_ARB_geometry_shader4 GL_ARB_get_program_binary GL_ARB_get_texture_sub_image GL_ARB_gl_spirv GL_ARB_gpu_shader5 GL_ARB_gpu_shader_fp64 GL_ARB_gpu_shader_int64 GL_ARB_half_float_pixel GL_ARB_half_float_vertex GL_ARB_imaging GL_ARB_indirect_parameters GL_ARB_instanced_arrays GL_ARB_internalformat_query GL_ARB_internalformat_query2 GL_ARB_invalidate_subdata GL_ARB_map_buffer_alignment GL_ARB_map_buffer_range GL_ARB_multi_bind GL_ARB_multi_draw_indirect GL_ARB_multisample GL_ARB_multitexture GL_ARB_occlusion_query GL_ARB_occlusion_query2 GL_ARB_parallel_shader_compile GL_ARB_pipeline_statistics_query GL_ARB_pixel_buffer_object GL_ARB_point_parameters GL_ARB_point_sprite GL_ARB_polygon_offset_clamp GL_ARB_program_interface_query GL_ARB_provoking_vertex GL_ARB_query_buffer_object GL_ARB_robust_buffer_access_behavior GL_ARB_robustness GL_ARB_sample_shading GL_ARB_sa
mpler_objects GL_ARB_seamless_cube_map GL_ARB_seamless_cubemap_per_texture GL_ARB_separate_shader_objects GL_ARB_shader_atomic_counter_ops GL_ARB_shader_atomic_counters GL_ARB_shader_ballot GL_ARB_shader_bit_encoding GL_ARB_shader_clock GL_ARB_shader_draw_parameters GL_ARB_shader_group_vote GL_ARB_shader_image_load_store GL_ARB_shader_image_size GL_ARB_shader_objects GL_ARB_shader_precision GL_ARB_shader_storage_buffer_object GL_ARB_shader_subroutine GL_ARB_shader_texture_image_samples GL_ARB_shader_texture_lod GL_ARB_shading_language_100 GL_ARB_shading_language_420pack GL_ARB_shading_language_include GL_ARB_shading_language_packing GL_ARB_shadow GL_ARB_sparse_buffer GL_ARB_sparse_texture GL_ARB_spirv_extensions GL_ARB_stencil_texturing GL_ARB_sync GL_ARB_tessellation_shader GL_ARB_texture_barrier GL_ARB_texture_border_clamp GL_ARB_texture_buffer_object GL_ARB_texture_buffer_object_rgb32 GL_ARB_texture_buffer_range GL_ARB_texture_compression GL_ARB_texture_compression_bptc GL_ARB_texture_compression_rgtc GL_
ARB_texture_cube_map GL_ARB_texture_cube_map_array GL_ARB_texture_env_add GL_ARB_texture_env_combine GL_ARB_texture_env_crossbar GL_ARB_texture_env_dot3 GL_ARB_texture_filter_anisotropic GL_ARB_texture_float GL_ARB_texture_gather GL_ARB_texture_mirror_clamp_to_edge GL_ARB_texture_mirrored_repeat GL_ARB_texture_multisample GL_ARB_texture_non_power_of_two GL_ARB_texture_query_levels GL_ARB_texture_query_lod GL_ARB_texture_rectangle GL_ARB_texture_rg GL_ARB_texture_rgb10_a2ui GL_ARB_texture_stencil8 GL_ARB_texture_storage GL_ARB_texture_storage_multisample GL_ARB_texture_swizzle GL_ARB_texture_view GL_ARB_timer_query GL_ARB_transform_feedback2 GL_ARB_transform_feedback3 GL_ARB_transform_feedback_instanced GL_ARB_transform_feedback_overflow_query GL_ARB_transpose_matrix GL_ARB_uniform_buffer_object GL_ARB_vertex_array_bgra GL_ARB_vertex_array_object GL_ARB_vertex_attrib_64bit GL_ARB_vertex_attrib_binding GL_ARB_vertex_buffer_object GL_ARB_vertex_program GL_ARB_vertex_shader GL_ARB_vertex_type_10f_11f_11f_rev GL_
ARB_vertex_type_2_10_10_10_rev GL_ARB_viewport_array GL_ARB_window_pos GL_ATI_draw_buffers GL_ATI_texture_float GL_ATI_texture_mirror_once GL_S3_s3tc GL_EXT_texture_env_add GL_EXT_abgr GL_EXT_bgra GL_EXT_bindable_uniform GL_EXT_blend_color GL_EXT_blend_equation_separate GL_EXT_blend_func_separate GL_EXT_blend_minmax GL_EXT_blend_subtract GL_EXT_compiled_vertex_array GL_EXT_Cg_shader GL_EXT_depth_bounds_test GL_EXT_direct_state_access GL_EXT_draw_buffers2 GL_EXT_draw_instanced GL_EXT_draw_range_elements GL_EXT_fog_coord GL_EXT_framebuffer_blit GL_EXT_framebuffer_multisample GL_EXTX_framebuffer_mixed_formats GL_EXT_framebuffer_multisample_blit_scaled GL_EXT_framebuffer_object GL_EXT_framebuffer_sRGB GL_EXT_geometry_shader4 GL_EXT_gpu_program_parameters GL_EXT_gpu_shader4 GL_EXT_multi_draw_arrays GL_EXT_multiview_texture_multisample GL_EXT_multiview_timer_query GL_EXT_packed_depth_stencil GL_EXT_packed_float GL_EXT_packed_pixels GL_EXT_pixel_buffer_object GL_EXT_point_parameters GL_EXT_polygon_offset_clamp GL_E
XT_provoking_vertex GL_EXT_rescale_normal GL_EXT_secondary_color GL_EXT_separate_shader_objects GL_EXT_separate_specular_color GL_EXT_shader_image_load_formatted GL_EXT_shader_image_load_store GL_EXT_shader_integer_mix GL_EXT_shadow_funcs GL_EXT_stencil_two_side GL_EXT_stencil_wrap GL_EXT_texture3D GL_EXT_texture_array GL_EXT_texture_buffer_object GL_EXT_texture_compression_dxt1 GL_EXT_texture_compression_latc GL_EXT_texture_compression_rgtc GL_EXT_texture_compression_s3tc GL_EXT_texture_cube_map GL_EXT_texture_edge_clamp GL_EXT_texture_env_combine GL_EXT_texture_env_dot3 GL_EXT_texture_filter_anisotropic GL_EXT_texture_integer GL_EXT_texture_lod GL_EXT_texture_lod_bias GL_EXT_texture_mirror_clamp GL_EXT_texture_object GL_EXT_texture_shadow_lod GL_EXT_texture_shared_exponent GL_EXT_texture_sRGB GL_EXT_texture_sRGB_R8 GL_EXT_texture_sRGB_decode GL_EXT_texture_storage GL_EXT_texture_swizzle GL_EXT_timer_query GL_EXT_transform_feedback2 GL_EXT_vertex_array GL_EXT_vertex_array_bgra GL_EXT_vertex_attrib_64bit GL_
EXT_window_rectangles GL_EXT_x11_sync_object GL_EXT_import_sync_object GL_NV_robustness_video_memory_purge GL_IBM_rasterpos_clip GL_IBM_texture_mirrored_repeat GL_KHR_context_flush_control GL_KHR_debug GL_EXT_memory_object GL_EXT_memory_object_fd GL_KHR_parallel_shader_compile GL_KHR_no_error GL_KHR_robust_buffer_access_behavior GL_KHR_robustness GL_EXT_semaphore GL_EXT_semaphore_fd GL_NV_timeline_semaphore GL_KHR_shader_subgroup GL_KTX_buffer_region GL_NV_alpha_to_coverage_dither_control GL_NV_bindless_multi_draw_indirect GL_NV_bindless_multi_draw_indirect_count GL_NV_bindless_texture GL_NV_blend_equation_advanced GL_NV_blend_equation_advanced_coherent GL_NV_blend_minmax_factor GL_NV_blend_square GL_NV_command_list GL_NV_compute_program5 GL_NV_conditional_render GL_NV_copy_depth_to_color GL_NV_copy_image GL_NV_depth_buffer_float GL_NV_depth_clamp GL_NV_draw_texture GL_NV_draw_vulkan_image GL_NV_ES1_1_compatibility GL_NV_ES3_1_compatibility GL_NV_explicit_multisample GL_NV_feature_query GL_NV_fence GL_NV_flo
at_buffer GL_NV_fog_distance GL_NV_fragment_program GL_NV_fragment_program_option GL_NV_fragment_program2 GL_NV_framebuffer_multisample_coverage GL_NV_geometry_shader4 GL_NV_gpu_program4 GL_NV_internalformat_sample_query GL_NV_gpu_program4_1 GL_NV_gpu_program5 GL_NV_gpu_program5_mem_extended GL_NV_gpu_program_fp64 GL_NV_gpu_shader5 GL_NV_half_float GL_NV_light_max_exponent GL_NV_multisample_coverage GL_NV_multisample_filter_hint GL_NV_occlusion_query GL_NV_packed_depth_stencil GL_NV_parameter_buffer_object GL_NV_parameter_buffer_object2 GL_NV_path_rendering GL_NV_pixel_data_range GL_NV_point_sprite GL_NV_primitive_restart GL_NV_query_resource GL_NV_query_resource_tag GL_NV_register_combiners GL_NV_register_combiners2 GL_NV_shader_atomic_counters GL_NV_shader_atomic_float GL_NV_shader_atomic_int64 GL_NV_shader_buffer_load GL_NV_shader_storage_buffer_object GL_NV_shader_subgroup_partitioned GL_NV_texgen_reflection GL_NV_texture_barrier GL_NV_texture_compression_vtc GL_NV_texture_env_combine4 GL_NV_texture_mult
isample GL_NV_texture_rectangle GL_NV_texture_rectangle_compressed GL_NV_texture_shader GL_NV_texture_shader2 GL_NV_texture_shader3 GL_NV_transform_feedback GL_NV_transform_feedback2 GL_NV_uniform_buffer_unified_memory GL_NV_vdpau_interop GL_NV_vdpau_interop2 GL_NV_vertex_array_range GL_NV_vertex_array_range2 GL_NV_vertex_attrib_integer_64bit GL_NV_vertex_buffer_unified_memory GL_NV_vertex_program GL_NV_vertex_program1_1 GL_NV_vertex_program2 GL_NV_vertex_program2_option GL_NV_vertex_program3 GL_NVX_conditional_render GL_NV_gpu_multicast GL_NVX_progress_fence GL_NVX_gpu_memory_info GL_NVX_nvenc_interop GL_NV_shader_thread_group GL_NV_shader_thread_shuffle GL_KHR_blend_equation_advanced GL_KHR_blend_equation_advanced_coherent GL_OVR_multiview GL_OVR_multiview2 GL_SGIS_generate_mipmap GL_SGIS_texture_lod GL_SGIX_depth_texture GL_SGIX_shadow GL_SUN_slice_accum
OPENGL LOG: Creating OpenGL 4.5 graphics device ; Context level  <OpenGL 4.5> ; Context handle 1196361992
Initialize mono
Mono path[0] = '/home/valio/Unity/Hub/Editor/2020.3.25f1/Editor/Data/Managed'
Mono path[1] = '/home/valio/Unity/Hub/Editor/2020.3.25f1/Editor/Data/MonoBleedingEdge/lib/mono/unityjit'
Mono config path = '/home/valio/Unity/Hub/Editor/2020.3.25f1/Editor/Data/MonoBleedingEdge/etc'
Using monoOptions --debugger-agent=transport=dt_socket,embedding=1,server=y,suspend=n,address=127.0.0.1:56316
Begin MonoManager ReloadAssembly
Registering precompiled unity dll's ...
Register platform support module: /home/valio/Unity/Hub/Editor/2020.3.25f1/Editor/Data/PlaybackEngines/LinuxStandaloneSupport/UnityEditor.LinuxStandalone.Extensions.dll
Registered in 0.002578 seconds.
Native extension for LinuxStandalone target not found
Refreshing native plugins compatible for Editor in 58.60 ms, found 0 plugins.
Preloading 0 native plugins for Editor in 0.00 ms.
Mono: successfully reloaded assembly
- Completed reload, in  0.780 seconds
Domain Reload Profiling:
	ReloadAssembly (781ms)
		BeginReloadAssembly (51ms)
			ExecutionOrderSort (0ms)
			DisableScriptedObjects (0ms)
			BackupInstance (0ms)
			ReleaseScriptingObjects (0ms)
			CreateAndSetChildDomain (1ms)
		EndReloadAssembly (637ms)
			LoadAssemblies (48ms)
			RebuildTransferFunctionScriptingTraits (0ms)
			SetupTypeCache (194ms)
			ReleaseScriptCaches (0ms)
			RebuildScriptCaches (37ms)
			SetupLoadedEditorAssemblies (282ms)
				LogAssemblyErrors (0ms)
				InitializePlatformSupportModulesInManaged (5ms)
				SetLoadedEditorAssemblies (1ms)
				RefreshPlugins (59ms)
				BeforeProcessingInitializeOnLoad (9ms)
				ProcessInitializeOnLoadAttributes (175ms)
				ProcessInitializeOnLoadMethodAttributes (32ms)
				AfterProcessingInitializeOnLoad (0ms)
				EditorAssembliesLoaded (0ms)
			ExecutionOrderSort2 (0ms)
			AwakeInstancesAfterBackupRestoration (0ms)
Platform modules already initialized, skipping
Registering precompiled user dll's ...
Registered in 0.004672 seconds.
Begin MonoManager ReloadAssembly
Native extension for LinuxStandalone target not found
Refreshing native plugins compatible for Editor in 60.03 ms, found 0 plugins.
Preloading 0 native plugins for Editor in 0.00 ms.
Mono: successfully reloaded assembly
- Completed reload, in  1.344 seconds
Domain Reload Profiling:
	ReloadAssembly (1345ms)
		BeginReloadAssembly (137ms)
			ExecutionOrderSort (0ms)
			DisableScriptedObjects (5ms)
			BackupInstance (0ms)
			ReleaseScriptingObjects (0ms)
			CreateAndSetChildDomain (19ms)
		EndReloadAssembly (1136ms)
			LoadAssemblies (80ms)
			RebuildTransferFunctionScriptingTraits (0ms)
			SetupTypeCache (372ms)
			ReleaseScriptCaches (1ms)
			RebuildScriptCaches (61ms)
			SetupLoadedEditorAssemblies (479ms)
				LogAssemblyErrors (0ms)
				InitializePlatformSupportModulesInManaged (5ms)
				SetLoadedEditorAssemblies (0ms)
				RefreshPlugins (60ms)
				BeforeProcessingInitializeOnLoad (88ms)
				ProcessInitializeOnLoadAttributes (309ms)
				ProcessInitializeOnLoadMethodAttributes (9ms)
				AfterProcessingInitializeOnLoad (7ms)
				EditorAssembliesLoaded (0ms)
			ExecutionOrderSort2 (0ms)
			AwakeInstancesAfterBackupRestoration (7ms)
Platform modules already initialized, skipping
========================================================================
Worker process is ready to serve import requests
Launched and connected shader compiler UnityShaderCompiler after 0.01 seconds
Refreshing native plugins compatible for Editor in 0.71 ms, found 0 plugins.
Preloading 0 native plugins for Editor in 0.00 ms.
Unloading 3094 Unused Serialized files (Serialized files now loaded: 0)
System memory in use before: 152.0 MB.
System memory in use after: 152.1 MB.

Unloading 19 unused Assets to reduce memory usage. Loaded Objects now: 3564.
Total: 6.861435 ms (FindLiveObjects: 0.343861 ms CreateObjectMapping: 0.181849 ms MarkObjects: 6.073225 ms  DeleteObjects: 0.261203 ms)

AssetImportParameters requested are different than current active one (requested -> active):
  custom:video-decoder-ogg-theora: a1e56fd34408186e4bbccfd4996cb3dc -> 
  custom:container-muxer-webm: aa71ff27fc2769a1b78a27578f13a17b -> 
  custom:container-demuxer-webm: 4f35f7cbe854078d1ac9338744f61a02 -> 
  custom:container-demuxer-ogg: 62fdf1f143b41e24485cea50d1cbac27 -> 
  custom:video-encoder-webm-vp8: eb34c28f22e8b96e1ab97ce403110664 -> 
  custom:video-decoder-webm-vp8: 9c59270c3fd7afecdb556c50c9e8de78 -> 
  custom:audio-decoder-ogg-vorbis: bf7c407c2cedff20999df2af8eb42d56 -> 
  custom:audio-encoder-webm-vorbis: bf7c407c2cedff20999df2af8eb42d56 -> 
========================================================================
Received Import Request.
  path: ProjectSettings/TagManager.asset
  artifactKey: Guid(00000000000000003000000000000000) Importer(815301076,1909f56bfc062723c751e8b465ee728b)
Start importing ProjectSettings/TagManager.asset using Guid(00000000000000003000000000000000) Importer(815301076,1909f56bfc062723c751e8b465ee728b)  -> (artifact id: '3358616415c16699fc5052e56a985b5b') in 0.015853 seconds 
  Import took 0.022845 seconds .

========================================================================
Received Import Request.
  Time since last request: 27.864519 seconds.
  path: Assets/Config/UniversalRenderPipelineAsset.asset
  artifactKey: Guid(9ba02a7e0ae9ce04eadcb2e96e52a119) Importer(815301076,1909f56bfc062723c751e8b465ee728b)
Start importing Assets/Config/UniversalRenderPipelineAsset.asset using Guid(9ba02a7e0ae9ce04eadcb2e96e52a119) Importer(815301076,1909f56bfc062723c751e8b465ee728b)  -> (artifact id: '2c67c342d2b43b62dd85ec49a431fb1d') in 0.002227 seconds 
  Import took 0.010822 seconds .

========================================================================
Received Import Request.
  Time since last request: 11.510341 seconds.
  path: Assets/Config/UniversalRenderPipelineAsset_Renderer.asset
  artifactKey: Guid(8c0b39fbdac2db040868a047a067fd88) Importer(815301076,1909f56bfc062723c751e8b465ee728b)
Start importing Assets/Config/UniversalRenderPipelineAsset_Renderer.asset using Guid(8c0b39fbdac2db040868a047a067fd88) Importer(815301076,1909f56bfc062723c751e8b465ee728b)  -> (artifact id: '98576a0022c8c7c0240b7dcd96d8ec95') in 0.004716 seconds 
  Import took 0.010445 seconds .

========================================================================
Received Import Request.
  Time since last request: 82.429027 seconds.
  path: Assets/Materials/Border.mat
  artifactKey: Guid(8f99c93d3b6fda118a6bbd347e663585) Importer(815301076,1909f56bfc062723c751e8b465ee728b)
Start importing Assets/Materials/Border.mat using Guid(8f99c93d3b6fda118a6bbd347e663585) Importer(815301076,1909f56bfc062723c751e8b465ee728b)  -> (artifact id: 'f05140665b1b218f84f6f9e199035088') in 0.255508 seconds 
  Import took 0.266452 seconds .

========================================================================
Received Import Request.
  Time since last request: 0.000157 seconds.
  path: Assets/Materials/Hover_Tiles.mat
  artifactKey: Guid(370bcd5dab7685e4f9f9dde2d6dba6b5) Importer(815301076,1909f56bfc062723c751e8b465ee728b)
Start importing Assets/Materials/Hover_Tiles.mat using Guid(370bcd5dab7685e4f9f9dde2d6dba6b5) Importer(815301076,1909f56bfc062723c751e8b465ee728b)  -> (artifact id: 'f489b242ee629b96b3aecc6090a52448') in 0.018208 seconds 
  Import took 0.026016 seconds .

========================================================================
Received Import Request.
  Time since last request: 12.134196 seconds.
  path: Assets/Materials/HighlightTiles.mat
  artifactKey: Guid(b7fed4578a0b17536a5e30d15831fcb3) Importer(815301076,1909f56bfc062723c751e8b465ee728b)
Start importing Assets/Materials/HighlightTiles.mat using Guid(b7fed4578a0b17536a5e30d15831fcb3) Importer(815301076,1909f56bfc062723c751e8b465ee728b)  -> (artifact id: 'a3fab9213bff849afe460398e9476e41') in 0.014068 seconds 
  Import took 0.020182 seconds .

========================================================================
Received Import Request.
  Time since last request: 18.972082 seconds.
  path: Assets/Config/UniversalRenderPipelineAsset_Renderer.asset
  artifactKey: Guid(8c0b39fbdac2db040868a047a067fd88) Importer(815301076,1909f56bfc062723c751e8b465ee728b)
Start importing Assets/Config/UniversalRenderPipelineAsset_Renderer.asset using Guid(8c0b39fbdac2db040868a047a067fd88) Importer(815301076,1909f56bfc062723c751e8b465ee728b)  -> (artifact id: '4677c99c73854b5f432f609d3a1b5e34') in 0.004978 seconds 
  Import took 0.011088 seconds .

========================================================================
Received Prepare
Registering precompiled user dll's ...
Registered in 0.004604 seconds.
Begin MonoManager ReloadAssembly
Native extension for LinuxStandalone target not found
Refreshing native plugins compatible for Editor in 0.53 ms, found 0 plugins.
Preloading 0 native plugins for Editor in 0.00 ms.
Mono: successfully reloaded assembly
- Completed reload, in  1.373 seconds
Domain Reload Profiling:
	ReloadAssembly (1374ms)
		BeginReloadAssembly (137ms)
			ExecutionOrderSort (0ms)
			DisableScriptedObjects (9ms)
			BackupInstance (0ms)
			ReleaseScriptingObjects (0ms)
			CreateAndSetChildDomain (55ms)
		EndReloadAssembly (1163ms)
			LoadAssemblies (103ms)
			RebuildTransferFunctionScriptingTraits (0ms)
			SetupTypeCache (417ms)
			ReleaseScriptCaches (1ms)
			RebuildScriptCaches (51ms)
			SetupLoadedEditorAssemblies (415ms)
				LogAssemblyErrors (0ms)
				InitializePlatformSupportModulesInManaged (5ms)
				SetLoadedEditorAssemblies (1ms)
				RefreshPlugins (1ms)
				BeforeProcessingInitializeOnLoad (73ms)
				ProcessInitializeOnLoadAttributes (321ms)
				ProcessInitializeOnLoadMethodAttributes (8ms)
				AfterProcessingInitializeOnLoad (7ms)
				EditorAssembliesLoaded (0ms)
			ExecutionOrderSort2 (0ms)
			AwakeInstancesAfterBackupRestoration (21ms)
Platform modules already initialized, skipping
Refreshing native plugins compatible for Editor in 0.83 ms, found 0 plugins.
Preloading 0 native plugins for Editor in 0.00 ms.
Unloading 2941 Unused Serialized files (Serialized files now loaded: 0)
System memory in use before: 144.4 MB.
System memory in use after: 144.6 MB.

Unloading 16 unused Assets to reduce memory usage. Loaded Objects now: 3657.
Total: 6.587244 ms (FindLiveObjects: 0.419196 ms CreateObjectMapping: 0.142751 ms MarkObjects: 5.956186 ms  DeleteObjects: 0.067644 ms)

AssetImportParameters requested are different than current active one (requested -> active):
  custom:video-decoder-ogg-theora: a1e56fd34408186e4bbccfd4996cb3dc -> 
  custom:container-muxer-webm: aa71ff27fc2769a1b78a27578f13a17b -> 
  custom:container-demuxer-webm: 4f35f7cbe854078d1ac9338744f61a02 -> 
  custom:container-demuxer-ogg: 62fdf1f143b41e24485cea50d1cbac27 -> 
  custom:video-encoder-webm-vp8: eb34c28f22e8b96e1ab97ce403110664 -> 
  custom:video-decoder-webm-vp8: 9c59270c3fd7afecdb556c50c9e8de78 -> 
  custom:audio-decoder-ogg-vorbis: bf7c407c2cedff20999df2af8eb42d56 -> 
  custom:audio-encoder-webm-vorbis: bf7c407c2cedff20999df2af8eb42d56 -> 
========================================================================
Received Prepare
Registering precompiled user dll's ...
Registered in 0.005069 seconds.
Begin MonoManager ReloadAssembly
Native extension for LinuxStandalone target not found
Refreshing native plugins compatible for Editor in 0.55 ms, found 0 plugins.
Preloading 0 native plugins for Editor in 0.00 ms.
Mono: successfully reloaded assembly
- Completed reload, in  1.251 seconds
Domain Reload Profiling:
	ReloadAssembly (1251ms)
		BeginReloadAssembly (115ms)
			ExecutionOrderSort (0ms)
			DisableScriptedObjects (6ms)
			BackupInstance (0ms)
			ReleaseScriptingObjects (0ms)
			CreateAndSetChildDomain (45ms)
		EndReloadAssembly (1066ms)
			LoadAssemblies (101ms)
			RebuildTransferFunctionScriptingTraits (0ms)
			SetupTypeCache (347ms)
			ReleaseScriptCaches (1ms)
			RebuildScriptCaches (50ms)
			SetupLoadedEditorAssemblies (392ms)
				LogAssemblyErrors (0ms)
				InitializePlatformSupportModulesInManaged (5ms)
				SetLoadedEditorAssemblies (1ms)
				RefreshPlugins (1ms)
				BeforeProcessingInitializeOnLoad (73ms)
				ProcessInitializeOnLoadAttributes (298ms)
				ProcessInitializeOnLoadMethodAttributes (8ms)
				AfterProcessingInitializeOnLoad (7ms)
				EditorAssembliesLoaded (0ms)
			ExecutionOrderSort2 (0ms)
			AwakeInstancesAfterBackupRestoration (25ms)
Platform modules already initialized, skipping
Refreshing native plugins compatible for Editor in 0.60 ms, found 0 plugins.
Preloading 0 native plugins for Editor in 0.00 ms.
Unloading 2937 Unused Serialized files (Serialized files now loaded: 0)
System memory in use before: 144.4 MB.
System memory in use after: 144.5 MB.

Unloading 15 unused Assets to reduce memory usage. Loaded Objects now: 3659.
Total: 5.985482 ms (FindLiveObjects: 0.279008 ms CreateObjectMapping: 0.129876 ms MarkObjects: 5.520474 ms  DeleteObjects: 0.055030 ms)

AssetImportParameters requested are different than current active one (requested -> active):
  custom:video-decoder-ogg-theora: a1e56fd34408186e4bbccfd4996cb3dc -> 
  custom:container-muxer-webm: aa71ff27fc2769a1b78a27578f13a17b -> 
  custom:container-demuxer-webm: 4f35f7cbe854078d1ac9338744f61a02 -> 
  custom:container-demuxer-ogg: 62fdf1f143b41e24485cea50d1cbac27 -> 
  custom:video-encoder-webm-vp8: eb34c28f22e8b96e1ab97ce403110664 -> 
  custom:video-decoder-webm-vp8: 9c59270c3fd7afecdb556c50c9e8de78 -> 
  custom:audio-decoder-ogg-vorbis: bf7c407c2cedff20999df2af8eb42d56 -> 
  custom:audio-encoder-webm-vorbis: bf7c407c2cedff20999df2af8eb42d56 -> 
========================================================================
Received Import Request.
  Time since last request: 400.469728 seconds.
  path: Assets/Prefabs/Chess.prefab
  artifactKey: Guid(5bae3c79551dd6a9e94aef8e3b657c9a) Importer(815301076,1909f56bfc062723c751e8b465ee728b)
Start importing Assets/Prefabs/Chess.prefab using Guid(5bae3c79551dd6a9e94aef8e3b657c9a) Importer(815301076,1909f56bfc062723c751e8b465ee728b)  -> (artifact id: '605541fcce4847912380edc7e856fb21') in 0.253529 seconds 
  Import took 0.263311 seconds .

========================================================================
Received Prepare
Registering precompiled user dll's ...
Registered in 0.005095 seconds.
Begin MonoManager ReloadAssembly
Native extension for LinuxStandalone target not found
Refreshing native plugins compatible for Editor in 0.76 ms, found 0 plugins.
Preloading 0 native plugins for Editor in 0.00 ms.
Mono: successfully reloaded assembly
- Completed reload, in  1.278 seconds
Domain Reload Profiling:
	ReloadAssembly (1279ms)
		BeginReloadAssembly (114ms)
			ExecutionOrderSort (0ms)
			DisableScriptedObjects (9ms)
			BackupInstance (0ms)
			ReleaseScriptingObjects (0ms)
			CreateAndSetChildDomain (47ms)
		EndReloadAssembly (1094ms)
			LoadAssemblies (86ms)
			RebuildTransferFunctionScriptingTraits (0ms)
			SetupTypeCache (365ms)
			ReleaseScriptCaches (1ms)
			RebuildScriptCaches (54ms)
			SetupLoadedEditorAssemblies (408ms)
				LogAssemblyErrors (0ms)
				InitializePlatformSupportModulesInManaged (5ms)
				SetLoadedEditorAssemblies (1ms)
				RefreshPlugins (1ms)
				BeforeProcessingInitializeOnLoad (75ms)
				ProcessInitializeOnLoadAttributes (309ms)
				ProcessInitializeOnLoadMethodAttributes (9ms)
				AfterProcessingInitializeOnLoad (7ms)
				EditorAssembliesLoaded (0ms)
			ExecutionOrderSort2 (0ms)
			AwakeInstancesAfterBackupRestoration (25ms)
Platform modules already initialized, skipping
Refreshing native plugins compatible for Editor in 0.64 ms, found 0 plugins.
Preloading 0 native plugins for Editor in 0.00 ms.
Unloading 2937 Unused Serialized files (Serialized files now loaded: 0)
System memory in use before: 144.6 MB.
System memory in use after: 144.8 MB.

Unloading 15 unused Assets to reduce memory usage. Loaded Objects now: 3698.
Total: 6.319188 ms (FindLiveObjects: 0.273967 ms CreateObjectMapping: 0.142232 ms MarkObjects: 5.839309 ms  DeleteObjects: 0.062591 ms)

AssetImportParameters requested are different than current active one (requested -> active):
  custom:video-decoder-ogg-theora: a1e56fd34408186e4bbccfd4996cb3dc -> 
  custom:container-muxer-webm: aa71ff27fc2769a1b78a27578f13a17b -> 
  custom:container-demuxer-webm: 4f35f7cbe854078d1ac9338744f61a02 -> 
  custom:container-demuxer-ogg: 62fdf1f143b41e24485cea50d1cbac27 -> 
  custom:video-encoder-webm-vp8: eb34c28f22e8b96e1ab97ce403110664 -> 
  custom:video-decoder-webm-vp8: 9c59270c3fd7afecdb556c50c9e8de78 -> 
  custom:audio-decoder-ogg-vorbis: bf7c407c2cedff20999df2af8eb42d56 -> 
  custom:audio-encoder-webm-vorbis: bf7c407c2cedff20999df2af8eb42d56 -> 
========================================================================
Received Import Request.
  Time since last request: 11.966713 seconds.
  path: Assets/Prefabs/Pieces/Knight.prefab
  artifactKey: Guid(7de41997d4dcc38088d653820a8301f1) Importer(815301076,1909f56bfc062723c751e8b465ee728b)
Start importing Assets/Prefabs/Pieces/Knight.prefab using Guid(7de41997d4dcc38088d653820a8301f1) Importer(815301076,1909f56bfc062723c751e8b465ee728b)  -> (artifact id: '6a33346ce91cf73c15a2ef041128b5d9') in 0.195743 seconds 
  Import took 0.201276 seconds .

========================================================================
Received Import Request.
  Time since last request: 0.000185 seconds.
  path: Assets/Prefabs/Pieces/Bishop.prefab
  artifactKey: Guid(0590cea7695e45e948d8fa269922b82d) Importer(815301076,1909f56bfc062723c751e8b465ee728b)
Start importing Assets/Prefabs/Pieces/Bishop.prefab using Guid(0590cea7695e45e948d8fa269922b82d) Importer(815301076,1909f56bfc062723c751e8b465ee728b)  -> (artifact id: '59032119e49bd8c3c3135ba0ad978fd1') in 0.010643 seconds 
  Import took 0.016109 seconds .

========================================================================
Received Import Request.
  Time since last request: 0.000215 seconds.
  path: Assets/Prefabs/Pieces/Queen.prefab
  artifactKey: Guid(d9994c9c0bead347fb13432a9a9fbd99) Importer(815301076,1909f56bfc062723c751e8b465ee728b)
Start importing Assets/Prefabs/Pieces/Queen.prefab using Guid(d9994c9c0bead347fb13432a9a9fbd99) Importer(815301076,1909f56bfc062723c751e8b465ee728b)  -> (artifact id: 'df73ce84dc0cc99c429137bc5729c302') in 0.014621 seconds 
  Import took 0.020755 seconds .

========================================================================
Received Import Request.
  Time since last request: 0.000253 seconds.
  path: Assets/Prefabs/Pieces/King.prefab
  artifactKey: Guid(d3bba2941ee08bb768bd7375b325c0ab) Importer(815301076,1909f56bfc062723c751e8b465ee728b)
Start importing Assets/Prefabs/Pieces/King.prefab using Guid(d3bba2941ee08bb768bd7375b325c0ab) Importer(815301076,1909f56bfc062723c751e8b465ee728b)  -> (artifact id: 'b30cc42cb1b66e717b30a03745149c47') in 0.019052 seconds 
  Import took 0.025416 seconds .

========================================================================
Received Import Request.
  Time since last request: 0.000218 seconds.
  path: Assets/Prefabs/Pieces/Rook.prefab
  artifactKey: Guid(081db6817d4b592d091c4613e086d05e) Importer(815301076,1909f56bfc062723c751e8b465ee728b)
Start importing Assets/Prefabs/Pieces/Rook.prefab using Guid(081db6817d4b592d091c4613e086d05e) Importer(815301076,1909f56bfc062723c751e8b465ee728b)  -> (artifact id: 'ada9bd35bcb1e4160e54e4be0fc5f4aa') in 0.015833 seconds 
  Import took 0.021680 seconds .

========================================================================
Received Import Request.
  Time since last request: 0.000231 seconds.
  path: Assets/Prefabs/Pieces/Pawn.prefab
  artifactKey: Guid(efbba4db660e9a01ea56f4d0aee1bf16) Importer(815301076,1909f56bfc062723c751e8b465ee728b)
Start importing Assets/Prefabs/Pieces/Pawn.prefab using Guid(efbba4db660e9a01ea56f4d0aee1bf16) Importer(815301076,1909f56bfc062723c751e8b465ee728b)  -> (artifact id: '74e08c0e22aff041a9c52baf2f107142') in 0.014451 seconds 
  Import took 0.019631 seconds .

========================================================================
Received Prepare
Registering precompiled user dll's ...
Registered in 0.005369 seconds.
Begin MonoManager ReloadAssembly
Native extension for LinuxStandalone target not found
Refreshing native plugins compatible for Editor in 0.61 ms, found 0 plugins.
Preloading 0 native plugins for Editor in 0.00 ms.
Mono: successfully reloaded assembly
- Completed reload, in  1.280 seconds
Domain Reload Profiling:
	ReloadAssembly (1280ms)
		BeginReloadAssembly (113ms)
			ExecutionOrderSort (0ms)
			DisableScriptedObjects (9ms)
			BackupInstance (0ms)
			ReleaseScriptingObjects (0ms)
			CreateAndSetChildDomain (43ms)
		EndReloadAssembly (1098ms)
			LoadAssemblies (87ms)
			RebuildTransferFunctionScriptingTraits (0ms)
			SetupTypeCache (362ms)
			ReleaseScriptCaches (1ms)
			RebuildScriptCaches (51ms)
			SetupLoadedEditorAssemblies (418ms)
				LogAssemblyErrors (0ms)
				InitializePlatformSupportModulesInManaged (6ms)
				SetLoadedEditorAssemblies (1ms)
				RefreshPlugins (1ms)
				BeforeProcessingInitializeOnLoad (75ms)
				ProcessInitializeOnLoadAttributes (320ms)
				ProcessInitializeOnLoadMethodAttributes (9ms)
				AfterProcessingInitializeOnLoad (7ms)
				EditorAssembliesLoaded (0ms)
			ExecutionOrderSort2 (0ms)
			AwakeInstancesAfterBackupRestoration (24ms)
Platform modules already initialized, skipping
Refreshing native plugins compatible for Editor in 0.60 ms, found 0 plugins.
Preloading 0 native plugins for Editor in 0.00 ms.
Unloading 2937 Unused Serialized files (Serialized files now loaded: 0)
System memory in use before: 144.8 MB.
System memory in use after: 145.0 MB.

Unloading 15 unused Assets to reduce memory usage. Loaded Objects now: 3736.
Total: 6.600446 ms (FindLiveObjects: 0.348234 ms CreateObjectMapping: 0.150992 ms MarkObjects: 6.020596 ms  DeleteObjects: 0.079446 ms)

AssetImportParameters requested are different than current active one (requested -> active):
  custom:video-decoder-ogg-theora: a1e56fd34408186e4bbccfd4996cb3dc -> 
  custom:container-muxer-webm: aa71ff27fc2769a1b78a27578f13a17b -> 
  custom:container-demuxer-webm: 4f35f7cbe854078d1ac9338744f61a02 -> 
  custom:container-demuxer-ogg: 62fdf1f143b41e24485cea50d1cbac27 -> 
  custom:video-encoder-webm-vp8: eb34c28f22e8b96e1ab97ce403110664 -> 
  custom:video-decoder-webm-vp8: 9c59270c3fd7afecdb556c50c9e8de78 -> 
  custom:audio-decoder-ogg-vorbis: bf7c407c2cedff20999df2af8eb42d56 -> 
  custom:audio-encoder-webm-vorbis: bf7c407c2cedff20999df2af8eb42d56 -> 
========================================================================
Received Import Request.
  Time since last request: 17.700595 seconds.
  path: Assets/Prefabs/Pieces/Knight.prefab
  artifactKey: Guid(7de41997d4dcc38088d653820a8301f1) Importer(815301076,1909f56bfc062723c751e8b465ee728b)
Start importing Assets/Prefabs/Pieces/Knight.prefab using Guid(7de41997d4dcc38088d653820a8301f1) Importer(815301076,1909f56bfc062723c751e8b465ee728b)  -> (artifact id: '6f5041a6aedda3c2debe27e10782947e') in 0.192231 seconds 
  Import took 0.198664 seconds .

========================================================================
Received Import Request.
  Time since last request: 0.000251 seconds.
  path: Assets/Prefabs/Pieces/Bishop.prefab
  artifactKey: Guid(0590cea7695e45e948d8fa269922b82d) Importer(815301076,1909f56bfc062723c751e8b465ee728b)
Start importing Assets/Prefabs/Pieces/Bishop.prefab using Guid(0590cea7695e45e948d8fa269922b82d) Importer(815301076,1909f56bfc062723c751e8b465ee728b)  -> (artifact id: '230fee227e060149a13f0ad7413ea9b6') in 0.012208 seconds 
  Import took 0.020299 seconds .

========================================================================
Received Import Request.
  Time since last request: 0.000194 seconds.
  path: Assets/Prefabs/Pieces/Queen.prefab
  artifactKey: Guid(d9994c9c0bead347fb13432a9a9fbd99) Importer(815301076,1909f56bfc062723c751e8b465ee728b)
Start importing Assets/Prefabs/Pieces/Queen.prefab using Guid(d9994c9c0bead347fb13432a9a9fbd99) Importer(815301076,1909f56bfc062723c751e8b465ee728b)  -> (artifact id: 'b7f556c39738528c578248ac7073e8ce') in 0.010471 seconds 
  Import took 0.017204 seconds .

========================================================================
Received Import Request.
  Time since last request: 0.000192 seconds.
  path: Assets/Prefabs/Pieces/King.prefab
  artifactKey: Guid(d3bba2941ee08bb768bd7375b325c0ab) Importer(815301076,1909f56bfc062723c751e8b465ee728b)
Start importing Assets/Prefabs/Pieces/King.prefab using Guid(d3bba2941ee08bb768bd7375b325c0ab) Importer(815301076,1909f56bfc062723c751e8b465ee728b)  -> (artifact id: 'be9929c814fb1e9784772e6bf7ec9a55') in 0.013878 seconds 
  Import took 0.020440 seconds .

========================================================================
Received Import Request.
  Time since last request: 0.000221 seconds.
  path: Assets/Prefabs/Pieces/Rook.prefab
  artifactKey: Guid(081db6817d4b592d091c4613e086d05e) Importer(815301076,1909f56bfc062723c751e8b465ee728b)
Start importing Assets/Prefabs/Pieces/Rook.prefab using Guid(081db6817d4b592d091c4613e086d05e) Importer(815301076,1909f56bfc062723c751e8b465ee728b)  -> (artifact id: 'fef33a7e4caee1bff91ba5389575d8ef') in 0.014430 seconds 
  Import took 0.021782 seconds .

========================================================================
Received Import Request.
  Time since last request: 0.000202 seconds.
  path: Assets/Prefabs/Pieces/Pawn.prefab
  artifactKey: Guid(efbba4db660e9a01ea56f4d0aee1bf16) Importer(815301076,1909f56bfc062723c751e8b465ee728b)
Start importing Assets/Prefabs/Pieces/Pawn.prefab using Guid(efbba4db660e9a01ea56f4d0aee1bf16) Importer(815301076,1909f56bfc062723c751e8b465ee728b)  -> (artifact id: '3fa9fc2c2c82431bb3b80c3a7eafdbad') in 0.015680 seconds 
  Import took 0.022858 seconds .

========================================================================
Received Prepare
Registering precompiled user dll's ...
Registered in 0.005162 seconds.
Begin MonoManager ReloadAssembly
Native extension for LinuxStandalone target not found
Refreshing native plugins compatible for Editor in 0.65 ms, found 0 plugins.
Preloading 0 native plugins for Editor in 0.00 ms.
Mono: successfully reloaded assembly
- Completed reload, in  1.537 seconds
Domain Reload Profiling:
	ReloadAssembly (1537ms)
		BeginReloadAssembly (120ms)
			ExecutionOrderSort (0ms)
			DisableScriptedObjects (9ms)
			BackupInstance (0ms)
			ReleaseScriptingObjects (0ms)
			CreateAndSetChildDomain (48ms)
		EndReloadAssembly (1327ms)
			LoadAssemblies (99ms)
			RebuildTransferFunctionScriptingTraits (0ms)
			SetupTypeCache (471ms)
			ReleaseScriptCaches (2ms)
			RebuildScriptCaches (65ms)
			SetupLoadedEditorAssemblies (477ms)
				LogAssemblyErrors (0ms)
				InitializePlatformSupportModulesInManaged (7ms)
				SetLoadedEditorAssemblies (1ms)
				RefreshPlugins (1ms)
				BeforeProcessingInitializeOnLoad (94ms)
				ProcessInitializeOnLoadAttributes (356ms)
				ProcessInitializeOnLoadMethodAttributes (10ms)
				AfterProcessingInitializeOnLoad (8ms)
				EditorAssembliesLoaded (0ms)
			ExecutionOrderSort2 (0ms)
			AwakeInstancesAfterBackupRestoration (30ms)
Platform modules already initialized, skipping
Refreshing native plugins compatible for Editor in 0.74 ms, found 0 plugins.
Preloading 0 native plugins for Editor in 0.00 ms.
Unloading 2937 Unused Serialized files (Serialized files now loaded: 0)
System memory in use before: 144.9 MB.
System memory in use after: 145.1 MB.

Unloading 15 unused Assets to reduce memory usage. Loaded Objects now: 3774.
Total: 9.524272 ms (FindLiveObjects: 0.360709 ms CreateObjectMapping: 0.191418 ms MarkObjects: 8.880476 ms  DeleteObjects: 0.089535 ms)

AssetImportParameters requested are different than current active one (requested -> active):
  custom:video-decoder-ogg-theora: a1e56fd34408186e4bbccfd4996cb3dc -> 
  custom:container-muxer-webm: aa71ff27fc2769a1b78a27578f13a17b -> 
  custom:container-demuxer-webm: 4f35f7cbe854078d1ac9338744f61a02 -> 
  custom:container-demuxer-ogg: 62fdf1f143b41e24485cea50d1cbac27 -> 
  custom:video-encoder-webm-vp8: eb34c28f22e8b96e1ab97ce403110664 -> 
  custom:video-decoder-webm-vp8: 9c59270c3fd7afecdb556c50c9e8de78 -> 
  custom:audio-decoder-ogg-vorbis: bf7c407c2cedff20999df2af8eb42d56 -> 
  custom:audio-encoder-webm-vorbis: bf7c407c2cedff20999df2af8eb42d56 -> 
========================================================================
Received Import Request.
  Time since last request: 12.401946 seconds.
  path: Assets/Prefabs/Pieces/Knight.prefab
  artifactKey: Guid(7de41997d4dcc38088d653820a8301f1) Importer(815301076,1909f56bfc062723c751e8b465ee728b)
Start importing Assets/Prefabs/Pieces/Knight.prefab using Guid(7de41997d4dcc38088d653820a8301f1) Importer(815301076,1909f56bfc062723c751e8b465ee728b)  -> (artifact id: '1c9d78215bf47ddf8b4fb64cf997eb2f') in 0.224519 seconds 
  Import took 0.230613 seconds .

========================================================================
Received Import Request.
  Time since last request: 0.000266 seconds.
  path: Assets/Prefabs/Pieces/Bishop.prefab
  artifactKey: Guid(0590cea7695e45e948d8fa269922b82d) Importer(815301076,1909f56bfc062723c751e8b465ee728b)
Start importing Assets/Prefabs/Pieces/Bishop.prefab using Guid(0590cea7695e45e948d8fa269922b82d) Importer(815301076,1909f56bfc062723c751e8b465ee728b)  -> (artifact id: '3c052974b00aef7b6bfa3b0e048de7ee') in 0.017463 seconds 
  Import took 0.022382 seconds .

========================================================================
Received Import Request.
  Time since last request: 0.000526 seconds.
  path: Assets/Prefabs/Pieces/Queen.prefab
  artifactKey: Guid(d9994c9c0bead347fb13432a9a9fbd99) Importer(815301076,1909f56bfc062723c751e8b465ee728b)
Start importing Assets/Prefabs/Pieces/Queen.prefab using Guid(d9994c9c0bead347fb13432a9a9fbd99) Importer(815301076,1909f56bfc062723c751e8b465ee728b)  -> (artifact id: 'bab7f88f4fb915085b3f46718a66a4ff') in 0.018384 seconds 
  Import took 0.024829 seconds .

========================================================================
Received Import Request.
  Time since last request: 0.000228 seconds.
  path: Assets/Prefabs/Pieces/King.prefab
  artifactKey: Guid(d3bba2941ee08bb768bd7375b325c0ab) Importer(815301076,1909f56bfc062723c751e8b465ee728b)
Start importing Assets/Prefabs/Pieces/King.prefab using Guid(d3bba2941ee08bb768bd7375b325c0ab) Importer(815301076,1909f56bfc062723c751e8b465ee728b)  -> (artifact id: 'de2d6117e43f72e54154db6f92770517') in 0.016689 seconds 
  Import took 0.023043 seconds .

========================================================================
Received Import Request.
  Time since last request: 0.000377 seconds.
  path: Assets/Prefabs/Pieces/Rook.prefab
  artifactKey: Guid(081db6817d4b592d091c4613e086d05e) Importer(815301076,1909f56bfc062723c751e8b465ee728b)
Start importing Assets/Prefabs/Pieces/Rook.prefab using Guid(081db6817d4b592d091c4613e086d05e) Importer(815301076,1909f56bfc062723c751e8b465ee728b)  -> (artifact id: 'e211dd09f19f4c9dce63f6de444771eb') in 0.012551 seconds 
  Import took 0.019889 seconds .

========================================================================
Received Import Request.
  Time since last request: 0.000520 seconds.
  path: Assets/Prefabs/Pieces/Pawn.prefab
  artifactKey: Guid(efbba4db660e9a01ea56f4d0aee1bf16) Importer(815301076,1909f56bfc062723c751e8b465ee728b)
Start importing Assets/Prefabs/Pieces/Pawn.prefab using Guid(efbba4db660e9a01ea56f4d0aee1bf16) Importer(815301076,1909f56bfc062723c751e8b465ee728b)  -> (artifact id: '68bdecf1c3f8a5e8187b0b66c7d2dd20') in 0.015351 seconds 
  Import took 0.021576 seconds .

========================================================================
Received Prepare
Registering precompiled user dll's ...
Registered in 0.006450 seconds.
Begin MonoManager ReloadAssembly
Native extension for LinuxStandalone target not found
Refreshing native plugins compatible for Editor in 0.60 ms, found 0 plugins.
Preloading 0 native plugins for Editor in 0.00 ms.
Mono: successfully reloaded assembly
- Completed reload, in  1.266 seconds
Domain Reload Profiling:
	ReloadAssembly (1267ms)
		BeginReloadAssembly (122ms)
			ExecutionOrderSort (0ms)
			DisableScriptedObjects (8ms)
			BackupInstance (0ms)
			ReleaseScriptingObjects (0ms)
			CreateAndSetChildDomain (48ms)
		EndReloadAssembly (1067ms)
			LoadAssemblies (91ms)
			RebuildTransferFunctionScriptingTraits (0ms)
			SetupTypeCache (357ms)
			ReleaseScriptCaches (2ms)
			RebuildScriptCaches (52ms)
			SetupLoadedEditorAssemblies (387ms)
				LogAssemblyErrors (0ms)
				InitializePlatformSupportModulesInManaged (6ms)
				SetLoadedEditorAssemblies (1ms)
				RefreshPlugins (1ms)
				BeforeProcessingInitializeOnLoad (73ms)
				ProcessInitializeOnLoadAttributes (292ms)
				ProcessInitializeOnLoadMethodAttributes (8ms)
				AfterProcessingInitializeOnLoad (7ms)
				EditorAssembliesLoaded (0ms)
			ExecutionOrderSort2 (0ms)
			AwakeInstancesAfterBackupRestoration (25ms)
Platform modules already initialized, skipping
Refreshing native plugins compatible for Editor in 0.52 ms, found 0 plugins.
Preloading 0 native plugins for Editor in 0.00 ms.
Unloading 2937 Unused Serialized files (Serialized files now loaded: 0)
System memory in use before: 145.1 MB.
System memory in use after: 145.3 MB.

Unloading 15 unused Assets to reduce memory usage. Loaded Objects now: 3812.
Total: 6.453205 ms (FindLiveObjects: 0.327844 ms CreateObjectMapping: 0.183831 ms MarkObjects: 5.881254 ms  DeleteObjects: 0.058956 ms)

AssetImportParameters requested are different than current active one (requested -> active):
  custom:video-decoder-ogg-theora: a1e56fd34408186e4bbccfd4996cb3dc -> 
  custom:container-muxer-webm: aa71ff27fc2769a1b78a27578f13a17b -> 
  custom:container-demuxer-webm: 4f35f7cbe854078d1ac9338744f61a02 -> 
  custom:container-demuxer-ogg: 62fdf1f143b41e24485cea50d1cbac27 -> 
  custom:video-encoder-webm-vp8: eb34c28f22e8b96e1ab97ce403110664 -> 
  custom:video-decoder-webm-vp8: 9c59270c3fd7afecdb556c50c9e8de78 -> 
  custom:audio-decoder-ogg-vorbis: bf7c407c2cedff20999df2af8eb42d56 -> 
  custom:audio-encoder-webm-vorbis: bf7c407c2cedff20999df2af8eb42d56 -> 
========================================================================
Received Prepare
Registering precompiled user dll's ...
Registered in 0.005012 seconds.
Begin MonoManager ReloadAssembly
Native extension for LinuxStandalone target not found
Refreshing native plugins compatible for Editor in 0.71 ms, found 0 plugins.
Preloading 0 native plugins for Editor in 0.00 ms.
Mono: successfully reloaded assembly
- Completed reload, in  1.331 seconds
Domain Reload Profiling:
	ReloadAssembly (1332ms)
		BeginReloadAssembly (127ms)
			ExecutionOrderSort (0ms)
			DisableScriptedObjects (6ms)
			BackupInstance (0ms)
			ReleaseScriptingObjects (0ms)
			CreateAndSetChildDomain (53ms)
		EndReloadAssembly (1130ms)
			LoadAssemblies (91ms)
			RebuildTransferFunctionScriptingTraits (0ms)
			SetupTypeCache (375ms)
			ReleaseScriptCaches (1ms)
			RebuildScriptCaches (53ms)
			SetupLoadedEditorAssemblies (411ms)
				LogAssemblyErrors (0ms)
				InitializePlatformSupportModulesInManaged (6ms)
				SetLoadedEditorAssemblies (1ms)
				RefreshPlugins (1ms)
				BeforeProcessingInitializeOnLoad (76ms)
				ProcessInitializeOnLoadAttributes (312ms)
				ProcessInitializeOnLoadMethodAttributes (8ms)
				AfterProcessingInitializeOnLoad (7ms)
				EditorAssembliesLoaded (0ms)
			ExecutionOrderSort2 (0ms)
			AwakeInstancesAfterBackupRestoration (26ms)
Platform modules already initialized, skipping
Refreshing native plugins compatible for Editor in 0.57 ms, found 0 plugins.
Preloading 0 native plugins for Editor in 0.00 ms.
Unloading 2937 Unused Serialized files (Serialized files now loaded: 0)
System memory in use before: 145.1 MB.
System memory in use after: 145.3 MB.

Unloading 15 unused Assets to reduce memory usage. Loaded Objects now: 3814.
Total: 6.680632 ms (FindLiveObjects: 0.314802 ms CreateObjectMapping: 0.148553 ms MarkObjects: 6.141982 ms  DeleteObjects: 0.074279 ms)

AssetImportParameters requested are different than current active one (requested -> active):
  custom:video-decoder-ogg-theora: a1e56fd34408186e4bbccfd4996cb3dc -> 
  custom:container-muxer-webm: aa71ff27fc2769a1b78a27578f13a17b -> 
  custom:container-demuxer-webm: 4f35f7cbe854078d1ac9338744f61a02 -> 
  custom:container-demuxer-ogg: 62fdf1f143b41e24485cea50d1cbac27 -> 
  custom:video-encoder-webm-vp8: eb34c28f22e8b96e1ab97ce403110664 -> 
  custom:video-decoder-webm-vp8: 9c59270c3fd7afecdb556c50c9e8de78 -> 
  custom:audio-decoder-ogg-vorbis: bf7c407c2cedff20999df2af8eb42d56 -> 
  custom:audio-encoder-webm-vorbis: bf7c407c2cedff20999df2af8eb42d56 -> 
========================================================================
Received Import Request.
  Time since last request: 219.958780 seconds.
  path: Assets/Config/UniversalRenderPipelineAsset_Renderer.asset
  artifactKey: Guid(8c0b39fbdac2db040868a047a067fd88) Importer(815301076,1909f56bfc062723c751e8b465ee728b)
Start importing Assets/Config/UniversalRenderPipelineAsset_Renderer.asset using Guid(8c0b39fbdac2db040868a047a067fd88) Importer(815301076,1909f56bfc062723c751e8b465ee728b)  -> (artifact id: '3d9de1a54b29cb8dcf5607093ecc8fd5') in 0.026673 seconds 
  Import took 0.034730 seconds .

========================================================================
Received Prepare
Registering precompiled user dll's ...
Registered in 0.005214 seconds.
Begin MonoManager ReloadAssembly
Native extension for LinuxStandalone target not found
Refreshing native plugins compatible for Editor in 0.59 ms, found 0 plugins.
Preloading 0 native plugins for Editor in 0.00 ms.
Mono: successfully reloaded assembly
- Completed reload, in  1.420 seconds
Domain Reload Profiling:
	ReloadAssembly (1421ms)
		BeginReloadAssembly (126ms)
			ExecutionOrderSort (0ms)
			DisableScriptedObjects (8ms)
			BackupInstance (0ms)
			ReleaseScriptingObjects (0ms)
			CreateAndSetChildDomain (50ms)
		EndReloadAssembly (1195ms)
			LoadAssemblies (96ms)
			RebuildTransferFunctionScriptingTraits (0ms)
			SetupTypeCache (420ms)
			ReleaseScriptCaches (2ms)
			RebuildScriptCaches (60ms)
			SetupLoadedEditorAssemblies (429ms)
				LogAssemblyErrors (0ms)
				InitializePlatformSupportModulesInManaged (6ms)
				SetLoadedEditorAssemblies (1ms)
				RefreshPlugins (1ms)
				BeforeProcessingInitializeOnLoad (75ms)
				ProcessInitializeOnLoadAttributes (331ms)
				ProcessInitializeOnLoadMethodAttributes (8ms)
				AfterProcessingInitializeOnLoad (7ms)
				EditorAssembliesLoaded (0ms)
			ExecutionOrderSort2 (0ms)
			AwakeInstancesAfterBackupRestoration (26ms)
Platform modules already initialized, skipping
Refreshing native plugins compatible for Editor in 0.82 ms, found 0 plugins.
Preloading 0 native plugins for Editor in 0.00 ms.
Unloading 2937 Unused Serialized files (Serialized files now loaded: 0)
System memory in use before: 145.1 MB.
System memory in use after: 145.3 MB.

Unloading 15 unused Assets to reduce memory usage. Loaded Objects now: 3816.
Total: 10.046360 ms (FindLiveObjects: 0.427247 ms CreateObjectMapping: 0.218315 ms MarkObjects: 9.307931 ms  DeleteObjects: 0.091151 ms)

AssetImportParameters requested are different than current active one (requested -> active):
  custom:video-decoder-ogg-theora: a1e56fd34408186e4bbccfd4996cb3dc -> 
  custom:container-muxer-webm: aa71ff27fc2769a1b78a27578f13a17b -> 
  custom:container-demuxer-webm: 4f35f7cbe854078d1ac9338744f61a02 -> 
  custom:container-demuxer-ogg: 62fdf1f143b41e24485cea50d1cbac27 -> 
  custom:video-encoder-webm-vp8: eb34c28f22e8b96e1ab97ce403110664 -> 
  custom:video-decoder-webm-vp8: 9c59270c3fd7afecdb556c50c9e8de78 -> 
  custom:audio-decoder-ogg-vorbis: bf7c407c2cedff20999df2af8eb42d56 -> 
  custom:audio-encoder-webm-vorbis: bf7c407c2cedff20999df2af8eb42d56 -> 
========================================================================
Received Import Request.
  Time since last request: 183.200716 seconds.
  path: ProjectSettings/TagManager.asset
  artifactKey: Guid(00000000000000003000000000000000) Importer(815301076,1909f56bfc062723c751e8b465ee728b)
Start importing ProjectSettings/TagManager.asset using Guid(00000000000000003000000000000000) Importer(815301076,1909f56bfc062723c751e8b465ee728b)  -> (artifact id: '181ed1bab055e090ed4c9775aee75356') in 0.014454 seconds 
  Import took 0.019981 seconds .

========================================================================
Received Prepare
Registering precompiled user dll's ...
Registered in 0.005174 seconds.
Begin MonoManager ReloadAssembly
Native extension for LinuxStandalone target not found
Refreshing native plugins compatible for Editor in 0.54 ms, found 0 plugins.
Preloading 0 native plugins for Editor in 0.00 ms.
Mono: successfully reloaded assembly
- Completed reload, in  1.289 seconds
Domain Reload Profiling:
	ReloadAssembly (1289ms)
		BeginReloadAssembly (125ms)
			ExecutionOrderSort (0ms)
			DisableScriptedObjects (6ms)
			BackupInstance (0ms)
			ReleaseScriptingObjects (0ms)
			CreateAndSetChildDomain (51ms)
		EndReloadAssembly (1072ms)
			LoadAssemblies (95ms)
			RebuildTransferFunctionScriptingTraits (0ms)
			SetupTypeCache (352ms)
			ReleaseScriptCaches (1ms)
			RebuildScriptCaches (51ms)
			SetupLoadedEditorAssemblies (398ms)
				LogAssemblyErrors (0ms)
				InitializePlatformSupportModulesInManaged (5ms)
				SetLoadedEditorAssemblies (1ms)
				RefreshPlugins (1ms)
				BeforeProcessingInitializeOnLoad (73ms)
				ProcessInitializeOnLoadAttributes (300ms)
				ProcessInitializeOnLoadMethodAttributes (10ms)
				AfterProcessingInitializeOnLoad (8ms)
				EditorAssembliesLoaded (0ms)
			ExecutionOrderSort2 (0ms)
			AwakeInstancesAfterBackupRestoration (27ms)
Platform modules already initialized, skipping
Refreshing native plugins compatible for Editor in 0.59 ms, found 0 plugins.
Preloading 0 native plugins for Editor in 0.00 ms.
Unloading 2937 Unused Serialized files (Serialized files now loaded: 0)
System memory in use before: 145.2 MB.
System memory in use after: 145.3 MB.

Unloading 16 unused Assets to reduce memory usage. Loaded Objects now: 3818.
Total: 6.575122 ms (FindLiveObjects: 0.290342 ms CreateObjectMapping: 0.174182 ms MarkObjects: 6.021236 ms  DeleteObjects: 0.087904 ms)

AssetImportParameters requested are different than current active one (requested -> active):
  custom:video-decoder-ogg-theora: a1e56fd34408186e4bbccfd4996cb3dc -> 
  custom:container-muxer-webm: aa71ff27fc2769a1b78a27578f13a17b -> 
  custom:container-demuxer-webm: 4f35f7cbe854078d1ac9338744f61a02 -> 
  custom:container-demuxer-ogg: 62fdf1f143b41e24485cea50d1cbac27 -> 
  custom:video-encoder-webm-vp8: eb34c28f22e8b96e1ab97ce403110664 -> 
  custom:video-decoder-webm-vp8: 9c59270c3fd7afecdb556c50c9e8de78 -> 
  custom:audio-decoder-ogg-vorbis: bf7c407c2cedff20999df2af8eb42d56 -> 
  custom:audio-encoder-webm-vorbis: bf7c407c2cedff20999df2af8eb42d56 -> 
========================================================================
Received Import Request.
  Time since last request: 41.488312 seconds.
  path: Assets/Config/UniversalRenderPipelineAsset_Renderer.asset
  artifactKey: Guid(8c0b39fbdac2db040868a047a067fd88) Importer(815301076,1909f56bfc062723c751e8b465ee728b)
Start importing Assets/Config/UniversalRenderPipelineAsset_Renderer.asset using Guid(8c0b39fbdac2db040868a047a067fd88) Importer(815301076,1909f56bfc062723c751e8b465ee728b)  -> (artifact id: 'd81e2271c67770c9741600bc337f70cc') in 0.020029 seconds 
  Import took 0.025875 seconds .

========================================================================
Received Prepare
Registering precompiled user dll's ...
Registered in 0.004710 seconds.
Begin MonoManager ReloadAssembly
Native extension for LinuxStandalone target not found
Refreshing native plugins compatible for Editor in 0.57 ms, found 0 plugins.
Preloading 0 native plugins for Editor in 0.00 ms.
Mono: successfully reloaded assembly
- Completed reload, in  1.345 seconds
Domain Reload Profiling:
	ReloadAssembly (1346ms)
		BeginReloadAssembly (116ms)
			ExecutionOrderSort (0ms)
			DisableScriptedObjects (5ms)
			BackupInstance (0ms)
			ReleaseScriptingObjects (0ms)
			CreateAndSetChildDomain (45ms)
		EndReloadAssembly (1159ms)
			LoadAssemblies (83ms)
			RebuildTransferFunctionScriptingTraits (0ms)
			SetupTypeCache (425ms)
			ReleaseScriptCaches (1ms)
			RebuildScriptCaches (51ms)
			SetupLoadedEditorAssemblies (418ms)
				LogAssemblyErrors (0ms)
				InitializePlatformSupportModulesInManaged (5ms)
				SetLoadedEditorAssemblies (1ms)
				RefreshPlugins (1ms)
				BeforeProcessingInitializeOnLoad (76ms)
				ProcessInitializeOnLoadAttributes (319ms)
				ProcessInitializeOnLoadMethodAttributes (9ms)
				AfterProcessingInitializeOnLoad (7ms)
				EditorAssembliesLoaded (0ms)
			ExecutionOrderSort2 (0ms)
			AwakeInstancesAfterBackupRestoration (25ms)
Platform modules already initialized, skipping
Refreshing native plugins compatible for Editor in 0.82 ms, found 0 plugins.
Preloading 0 native plugins for Editor in 0.00 ms.
Unloading 2937 Unused Serialized files (Serialized files now loaded: 0)
System memory in use before: 145.2 MB.
System memory in use after: 145.3 MB.

Unloading 15 unused Assets to reduce memory usage. Loaded Objects now: 3820.
Total: 6.439961 ms (FindLiveObjects: 0.323693 ms CreateObjectMapping: 0.160062 ms MarkObjects: 5.894391 ms  DeleteObjects: 0.060515 ms)

AssetImportParameters requested are different than current active one (requested -> active):
  custom:video-decoder-ogg-theora: a1e56fd34408186e4bbccfd4996cb3dc -> 
  custom:container-muxer-webm: aa71ff27fc2769a1b78a27578f13a17b -> 
  custom:container-demuxer-webm: 4f35f7cbe854078d1ac9338744f61a02 -> 
  custom:container-demuxer-ogg: 62fdf1f143b41e24485cea50d1cbac27 -> 
  custom:video-encoder-webm-vp8: eb34c28f22e8b96e1ab97ce403110664 -> 
  custom:video-decoder-webm-vp8: 9c59270c3fd7afecdb556c50c9e8de78 -> 
  custom:audio-decoder-ogg-vorbis: bf7c407c2cedff20999df2af8eb42d56 -> 
  custom:audio-encoder-webm-vorbis: bf7c407c2cedff20999df2af8eb42d56 -> 
========================================================================
Received Prepare
Registering precompiled user dll's ...
Registered in 0.005657 seconds.
Begin MonoManager ReloadAssembly
Native extension for LinuxStandalone target not found
Refreshing native plugins compatible for Editor in 0.56 ms, found 0 plugins.
Preloading 0 native plugins for Editor in 0.00 ms.
Mono: successfully reloaded assembly
- Completed reload, in  1.620 seconds
Domain Reload Profiling:
	ReloadAssembly (1620ms)
		BeginReloadAssembly (136ms)
			ExecutionOrderSort (0ms)
			DisableScriptedObjects (10ms)
			BackupInstance (0ms)
			ReleaseScriptingObjects (0ms)
			CreateAndSetChildDomain (53ms)
		EndReloadAssembly (1388ms)
			LoadAssemblies (117ms)
			RebuildTransferFunctionScriptingTraits (0ms)
			SetupTypeCache (488ms)
			ReleaseScriptCaches (2ms)
			RebuildScriptCaches (65ms)
			SetupLoadedEditorAssemblies (489ms)
				LogAssemblyErrors (0ms)
				InitializePlatformSupportModulesInManaged (7ms)
				SetLoadedEditorAssemblies (1ms)
				RefreshPlugins (1ms)
				BeforeProcessingInitializeOnLoad (102ms)
				ProcessInitializeOnLoadAttributes (361ms)
				ProcessInitializeOnLoadMethodAttributes (10ms)
				AfterProcessingInitializeOnLoad (8ms)
				EditorAssembliesLoaded (0ms)
			ExecutionOrderSort2 (0ms)
			AwakeInstancesAfterBackupRestoration (30ms)
Platform modules already initialized, skipping
Refreshing native plugins compatible for Editor in 0.77 ms, found 0 plugins.
Preloading 0 native plugins for Editor in 0.00 ms.
Unloading 2937 Unused Serialized files (Serialized files now loaded: 0)
System memory in use before: 145.2 MB.
System memory in use after: 145.4 MB.

Unloading 15 unused Assets to reduce memory usage. Loaded Objects now: 3822.
Total: 9.046076 ms (FindLiveObjects: 0.522745 ms CreateObjectMapping: 0.246729 ms MarkObjects: 8.201300 ms  DeleteObjects: 0.073991 ms)

AssetImportParameters requested are different than current active one (requested -> active):
  custom:video-decoder-ogg-theora: a1e56fd34408186e4bbccfd4996cb3dc -> 
  custom:container-muxer-webm: aa71ff27fc2769a1b78a27578f13a17b -> 
  custom:container-demuxer-webm: 4f35f7cbe854078d1ac9338744f61a02 -> 
  custom:container-demuxer-ogg: 62fdf1f143b41e24485cea50d1cbac27 -> 
  custom:video-encoder-webm-vp8: eb34c28f22e8b96e1ab97ce403110664 -> 
  custom:video-decoder-webm-vp8: 9c59270c3fd7afecdb556c50c9e8de78 -> 
  custom:audio-decoder-ogg-vorbis: bf7c407c2cedff20999df2af8eb42d56 -> 
  custom:audio-encoder-webm-vorbis: bf7c407c2cedff20999df2af8eb42d56 -> 
========================================================================
Received Import Request.
  Time since last request: 49.628985 seconds.
  path: Assets/Materials/HighlightTiles.mat
  artifactKey: Guid(b7fed4578a0b17536a5e30d15831fcb3) Importer(815301076,1909f56bfc062723c751e8b465ee728b)
Start importing Assets/Materials/HighlightTiles.mat using Guid(b7fed4578a0b17536a5e30d15831fcb3) Importer(815301076,1909f56bfc062723c751e8b465ee728b)  -> (artifact id: '1320352b4a506e807c4a2afbb39aa29a') in 0.206295 seconds 
  Import took 0.212250 seconds .

========================================================================
Received Prepare
Registering precompiled user dll's ...
Registered in 0.004911 seconds.
Begin MonoManager ReloadAssembly
Native extension for LinuxStandalone target not found
Refreshing native plugins compatible for Editor in 0.57 ms, found 0 plugins.
Preloading 0 native plugins for Editor in 0.00 ms.
Mono: successfully reloaded assembly
- Completed reload, in  1.455 seconds
Domain Reload Profiling:
	ReloadAssembly (1456ms)
		BeginReloadAssembly (139ms)
			ExecutionOrderSort (0ms)
			DisableScriptedObjects (11ms)
			BackupInstance (0ms)
			ReleaseScriptingObjects (0ms)
			CreateAndSetChildDomain (61ms)
		EndReloadAssembly (1242ms)
			LoadAssemblies (89ms)
			RebuildTransferFunctionScriptingTraits (0ms)
			SetupTypeCache (422ms)
			ReleaseScriptCaches (1ms)
			RebuildScriptCaches (54ms)
			SetupLoadedEditorAssemblies (445ms)
				LogAssemblyErrors (0ms)
				InitializePlatformSupportModulesInManaged (5ms)
				SetLoadedEditorAssemblies (1ms)
				RefreshPlugins (1ms)
				BeforeProcessingInitializeOnLoad (89ms)
				ProcessInitializeOnLoadAttributes (326ms)
				ProcessInitializeOnLoadMethodAttributes (13ms)
				AfterProcessingInitializeOnLoad (10ms)
				EditorAssembliesLoaded (0ms)
			ExecutionOrderSort2 (0ms)
			AwakeInstancesAfterBackupRestoration (35ms)
Platform modules already initialized, skipping
Refreshing native plugins compatible for Editor in 0.75 ms, found 0 plugins.
Preloading 0 native plugins for Editor in 0.00 ms.
Unloading 2937 Unused Serialized files (Serialized files now loaded: 0)
System memory in use before: 145.3 MB.
System memory in use after: 145.5 MB.

Unloading 15 unused Assets to reduce memory usage. Loaded Objects now: 3860.
Total: 11.377431 ms (FindLiveObjects: 0.353091 ms CreateObjectMapping: 0.179813 ms MarkObjects: 10.744709 ms  DeleteObjects: 0.098389 ms)

AssetImportParameters requested are different than current active one (requested -> active):
  custom:video-decoder-ogg-theora: a1e56fd34408186e4bbccfd4996cb3dc -> 
  custom:container-muxer-webm: aa71ff27fc2769a1b78a27578f13a17b -> 
  custom:container-demuxer-webm: 4f35f7cbe854078d1ac9338744f61a02 -> 
  custom:container-demuxer-ogg: 62fdf1f143b41e24485cea50d1cbac27 -> 
  custom:video-encoder-webm-vp8: eb34c28f22e8b96e1ab97ce403110664 -> 
  custom:video-decoder-webm-vp8: 9c59270c3fd7afecdb556c50c9e8de78 -> 
  custom:audio-decoder-ogg-vorbis: bf7c407c2cedff20999df2af8eb42d56 -> 
  custom:audio-encoder-webm-vorbis: bf7c407c2cedff20999df2af8eb42d56 -> 
========================================================================
Received Prepare
Registering precompiled user dll's ...
Registered in 0.004662 seconds.
Begin MonoManager ReloadAssembly
Native extension for LinuxStandalone target not found
Refreshing native plugins compatible for Editor in 0.73 ms, found 0 plugins.
Preloading 0 native plugins for Editor in 0.00 ms.
Mono: successfully reloaded assembly
- Completed reload, in  1.476 seconds
Domain Reload Profiling:
	ReloadAssembly (1476ms)
		BeginReloadAssembly (110ms)
			ExecutionOrderSort (0ms)
			DisableScriptedObjects (6ms)
			BackupInstance (0ms)
			ReleaseScriptingObjects (0ms)
			CreateAndSetChildDomain (45ms)
		EndReloadAssembly (1283ms)
			LoadAssemblies (86ms)
			RebuildTransferFunctionScriptingTraits (0ms)
			SetupTypeCache (437ms)
			ReleaseScriptCaches (1ms)
			RebuildScriptCaches (54ms)
			SetupLoadedEditorAssemblies (475ms)
				LogAssemblyErrors (0ms)
				InitializePlatformSupportModulesInManaged (5ms)
				SetLoadedEditorAssemblies (1ms)
				RefreshPlugins (1ms)
				BeforeProcessingInitializeOnLoad (79ms)
				ProcessInitializeOnLoadAttributes (373ms)
				ProcessInitializeOnLoadMethodAttributes (9ms)
				AfterProcessingInitializeOnLoad (7ms)
				EditorAssembliesLoaded (0ms)
			ExecutionOrderSort2 (0ms)
			AwakeInstancesAfterBackupRestoration (34ms)
Platform modules already initialized, skipping
Refreshing native plugins compatible for Editor in 0.59 ms, found 0 plugins.
Preloading 0 native plugins for Editor in 0.00 ms.
Unloading 2937 Unused Serialized files (Serialized files now loaded: 0)
System memory in use before: 145.3 MB.
System memory in use after: 145.5 MB.

Unloading 15 unused Assets to reduce memory usage. Loaded Objects now: 3862.
Total: 6.596444 ms (FindLiveObjects: 0.346547 ms CreateObjectMapping: 0.146833 ms MarkObjects: 6.034513 ms  DeleteObjects: 0.067364 ms)

AssetImportParameters requested are different than current active one (requested -> active):
  custom:video-decoder-ogg-theora: a1e56fd34408186e4bbccfd4996cb3dc -> 
  custom:container-muxer-webm: aa71ff27fc2769a1b78a27578f13a17b -> 
  custom:container-demuxer-webm: 4f35f7cbe854078d1ac9338744f61a02 -> 
  custom:container-demuxer-ogg: 62fdf1f143b41e24485cea50d1cbac27 -> 
  custom:video-encoder-webm-vp8: eb34c28f22e8b96e1ab97ce403110664 -> 
  custom:video-decoder-webm-vp8: 9c59270c3fd7afecdb556c50c9e8de78 -> 
  custom:audio-decoder-ogg-vorbis: bf7c407c2cedff20999df2af8eb42d56 -> 
  custom:audio-encoder-webm-vorbis: bf7c407c2cedff20999df2af8eb42d56 -> 
========================================================================
Received Prepare
Registering precompiled user dll's ...
Registered in 0.004535 seconds.
Begin MonoManager ReloadAssembly
Native extension for LinuxStandalone target not found
Refreshing native plugins compatible for Editor in 0.65 ms, found 0 plugins.
Preloading 0 native plugins for Editor in 0.00 ms.
Mono: successfully reloaded assembly
- Completed reload, in  1.408 seconds
Domain Reload Profiling:
	ReloadAssembly (1408ms)
		BeginReloadAssembly (110ms)
			ExecutionOrderSort (0ms)
			DisableScriptedObjects (6ms)
			BackupInstance (0ms)
			ReleaseScriptingObjects (0ms)
			CreateAndSetChildDomain (44ms)
		EndReloadAssembly (1227ms)
			LoadAssemblies (85ms)
			RebuildTransferFunctionScriptingTraits (0ms)
			SetupTypeCache (412ms)
			ReleaseScriptCaches (1ms)
			RebuildScriptCaches (50ms)
			SetupLoadedEditorAssemblies (463ms)
				LogAssemblyErrors (0ms)
				InitializePlatformSupportModulesInManaged (5ms)
				SetLoadedEditorAssemblies (1ms)
				RefreshPlugins (1ms)
				BeforeProcessingInitializeOnLoad (83ms)
				ProcessInitializeOnLoadAttributes (358ms)
				ProcessInitializeOnLoadMethodAttributes (8ms)
				AfterProcessingInitializeOnLoad (7ms)
				EditorAssembliesLoaded (0ms)
			ExecutionOrderSort2 (0ms)
			AwakeInstancesAfterBackupRestoration (26ms)
Platform modules already initialized, skipping
Refreshing native plugins compatible for Editor in 0.63 ms, found 0 plugins.
Preloading 0 native plugins for Editor in 0.00 ms.
Unloading 2937 Unused Serialized files (Serialized files now loaded: 0)
System memory in use before: 145.4 MB.
System memory in use after: 145.5 MB.

Unloading 15 unused Assets to reduce memory usage. Loaded Objects now: 3864.
Total: 6.527278 ms (FindLiveObjects: 0.304024 ms CreateObjectMapping: 0.121327 ms MarkObjects: 6.036255 ms  DeleteObjects: 0.064564 ms)

AssetImportParameters requested are different than current active one (requested -> active):
  custom:video-decoder-ogg-theora: a1e56fd34408186e4bbccfd4996cb3dc -> 
  custom:container-muxer-webm: aa71ff27fc2769a1b78a27578f13a17b -> 
  custom:container-demuxer-webm: 4f35f7cbe854078d1ac9338744f61a02 -> 
  custom:container-demuxer-ogg: 62fdf1f143b41e24485cea50d1cbac27 -> 
  custom:video-encoder-webm-vp8: eb34c28f22e8b96e1ab97ce403110664 -> 
  custom:video-decoder-webm-vp8: 9c59270c3fd7afecdb556c50c9e8de78 -> 
  custom:audio-decoder-ogg-vorbis: bf7c407c2cedff20999df2af8eb42d56 -> 
  custom:audio-encoder-webm-vorbis: bf7c407c2cedff20999df2af8eb42d56 -> 
========================================================================
Received Prepare
Registering precompiled user dll's ...
Registered in 0.005091 seconds.
Begin MonoManager ReloadAssembly
Native extension for LinuxStandalone target not found
Refreshing native plugins compatible for Editor in 0.82 ms, found 0 plugins.
Preloading 0 native plugins for Editor in 0.00 ms.
Mono: successfully reloaded assembly
- Completed reload, in  1.365 seconds
Domain Reload Profiling:
	ReloadAssembly (1365ms)
		BeginReloadAssembly (116ms)
			ExecutionOrderSort (0ms)
			DisableScriptedObjects (6ms)
			BackupInstance (0ms)
			ReleaseScriptingObjects (0ms)
			CreateAndSetChildDomain (50ms)
		EndReloadAssembly (1176ms)
			LoadAssemblies (93ms)
			RebuildTransferFunctionScriptingTraits (0ms)
			SetupTypeCache (420ms)
			ReleaseScriptCaches (1ms)
			RebuildScriptCaches (55ms)
			SetupLoadedEditorAssemblies (411ms)
				LogAssemblyErrors (0ms)
				InitializePlatformSupportModulesInManaged (5ms)
				SetLoadedEditorAssemblies (1ms)
				RefreshPlugins (1ms)
				BeforeProcessingInitializeOnLoad (74ms)
				ProcessInitializeOnLoadAttributes (314ms)
				ProcessInitializeOnLoadMethodAttributes (9ms)
				AfterProcessingInitializeOnLoad (7ms)
				EditorAssembliesLoaded (0ms)
			ExecutionOrderSort2 (0ms)
			AwakeInstancesAfterBackupRestoration (27ms)
Platform modules already initialized, skipping
Refreshing native plugins compatible for Editor in 0.69 ms, found 0 plugins.
Preloading 0 native plugins for Editor in 0.00 ms.
Unloading 2937 Unused Serialized files (Serialized files now loaded: 0)
System memory in use before: 145.4 MB.
System memory in use after: 145.5 MB.

Unloading 15 unused Assets to reduce memory usage. Loaded Objects now: 3866.
Total: 6.671586 ms (FindLiveObjects: 0.311306 ms CreateObjectMapping: 0.196273 ms MarkObjects: 6.082307 ms  DeleteObjects: 0.080270 ms)

AssetImportParameters requested are different than current active one (requested -> active):
  custom:video-decoder-ogg-theora: a1e56fd34408186e4bbccfd4996cb3dc -> 
  custom:container-muxer-webm: aa71ff27fc2769a1b78a27578f13a17b -> 
  custom:container-demuxer-webm: 4f35f7cbe854078d1ac9338744f61a02 -> 
  custom:container-demuxer-ogg: 62fdf1f143b41e24485cea50d1cbac27 -> 
  custom:video-encoder-webm-vp8: eb34c28f22e8b96e1ab97ce403110664 -> 
  custom:video-decoder-webm-vp8: 9c59270c3fd7afecdb556c50c9e8de78 -> 
  custom:audio-decoder-ogg-vorbis: bf7c407c2cedff20999df2af8eb42d56 -> 
  custom:audio-encoder-webm-vorbis: bf7c407c2cedff20999df2af8eb42d56 -> 
========================================================================
Received Prepare
Registering precompiled user dll's ...
Registered in 0.004858 seconds.
Begin MonoManager ReloadAssembly
Native extension for LinuxStandalone target not found
Refreshing native plugins compatible for Editor in 0.58 ms, found 0 plugins.
Preloading 0 native plugins for Editor in 0.00 ms.
Mono: successfully reloaded assembly
- Completed reload, in  1.414 seconds
Domain Reload Profiling:
	ReloadAssembly (1415ms)
		BeginReloadAssembly (117ms)
			ExecutionOrderSort (0ms)
			DisableScriptedObjects (11ms)
			BackupInstance (0ms)
			ReleaseScriptingObjects (0ms)
			CreateAndSetChildDomain (46ms)
		EndReloadAssembly (1222ms)
			LoadAssemblies (88ms)
			RebuildTransferFunctionScriptingTraits (0ms)
			SetupTypeCache (430ms)
			ReleaseScriptCaches (2ms)
			RebuildScriptCaches (54ms)
			SetupLoadedEditorAssemblies (442ms)
				LogAssemblyErrors (0ms)
				InitializePlatformSupportModulesInManaged (6ms)
				SetLoadedEditorAssemblies (1ms)
				RefreshPlugins (1ms)
				BeforeProcessingInitializeOnLoad (76ms)
				ProcessInitializeOnLoadAttributes (339ms)
				ProcessInitializeOnLoadMethodAttributes (11ms)
				AfterProcessingInitializeOnLoad (9ms)
				EditorAssembliesLoaded (0ms)
			ExecutionOrderSort2 (0ms)
			AwakeInstancesAfterBackupRestoration (40ms)
Platform modules already initialized, skipping
Refreshing native plugins compatible for Editor in 0.63 ms, found 0 plugins.
Preloading 0 native plugins for Editor in 0.00 ms.
Unloading 2937 Unused Serialized files (Serialized files now loaded: 0)
System memory in use before: 145.4 MB.
System memory in use after: 145.6 MB.

Unloading 15 unused Assets to reduce memory usage. Loaded Objects now: 3868.
Total: 11.487909 ms (FindLiveObjects: 0.341938 ms CreateObjectMapping: 0.160053 ms MarkObjects: 10.886867 ms  DeleteObjects: 0.097537 ms)

AssetImportParameters requested are different than current active one (requested -> active):
  custom:video-decoder-ogg-theora: a1e56fd34408186e4bbccfd4996cb3dc -> 
  custom:container-muxer-webm: aa71ff27fc2769a1b78a27578f13a17b -> 
  custom:container-demuxer-webm: 4f35f7cbe854078d1ac9338744f61a02 -> 
  custom:container-demuxer-ogg: 62fdf1f143b41e24485cea50d1cbac27 -> 
  custom:video-encoder-webm-vp8: eb34c28f22e8b96e1ab97ce403110664 -> 
  custom:video-decoder-webm-vp8: 9c59270c3fd7afecdb556c50c9e8de78 -> 
  custom:audio-decoder-ogg-vorbis: bf7c407c2cedff20999df2af8eb42d56 -> 
  custom:audio-encoder-webm-vorbis: bf7c407c2cedff20999df2af8eb42d56 -> 
========================================================================
Received Prepare
Registering precompiled user dll's ...
Registered in 0.005745 seconds.
Begin MonoManager ReloadAssembly
Native extension for LinuxStandalone target not found
Refreshing native plugins compatible for Editor in 0.75 ms, found 0 plugins.
Preloading 0 native plugins for Editor in 0.00 ms.
Mono: successfully reloaded assembly
- Completed reload, in  1.410 seconds
Domain Reload Profiling:
	ReloadAssembly (1411ms)
		BeginReloadAssembly (112ms)
			ExecutionOrderSort (0ms)
			DisableScriptedObjects (6ms)
			BackupInstance (0ms)
			ReleaseScriptingObjects (0ms)
			CreateAndSetChildDomain (45ms)
		EndReloadAssembly (1214ms)
			LoadAssemblies (98ms)
			RebuildTransferFunctionScriptingTraits (0ms)
			SetupTypeCache (438ms)
			ReleaseScriptCaches (1ms)
			RebuildScriptCaches (64ms)
			SetupLoadedEditorAssemblies (426ms)
				LogAssemblyErrors (0ms)
				InitializePlatformSupportModulesInManaged (6ms)
				SetLoadedEditorAssemblies (1ms)
				RefreshPlugins (1ms)
				BeforeProcessingInitializeOnLoad (85ms)
				ProcessInitializeOnLoadAttributes (319ms)
				ProcessInitializeOnLoadMethodAttributes (9ms)
				AfterProcessingInitializeOnLoad (7ms)
				EditorAssembliesLoaded (0ms)
			ExecutionOrderSort2 (0ms)
			AwakeInstancesAfterBackupRestoration (26ms)
Platform modules already initialized, skipping
Refreshing native plugins compatible for Editor in 0.63 ms, found 0 plugins.
Preloading 0 native plugins for Editor in 0.00 ms.
Unloading 2937 Unused Serialized files (Serialized files now loaded: 0)
System memory in use before: 145.4 MB.
System memory in use after: 145.6 MB.

Unloading 15 unused Assets to reduce memory usage. Loaded Objects now: 3870.
Total: 6.326383 ms (FindLiveObjects: 0.279006 ms CreateObjectMapping: 0.141893 ms MarkObjects: 5.837671 ms  DeleteObjects: 0.066478 ms)

AssetImportParameters requested are different than current active one (requested -> active):
  custom:video-decoder-ogg-theora: a1e56fd34408186e4bbccfd4996cb3dc -> 
  custom:container-muxer-webm: aa71ff27fc2769a1b78a27578f13a17b -> 
  custom:container-demuxer-webm: 4f35f7cbe854078d1ac9338744f61a02 -> 
  custom:container-demuxer-ogg: 62fdf1f143b41e24485cea50d1cbac27 -> 
  custom:video-encoder-webm-vp8: eb34c28f22e8b96e1ab97ce403110664 -> 
  custom:video-decoder-webm-vp8: 9c59270c3fd7afecdb556c50c9e8de78 -> 
  custom:audio-decoder-ogg-vorbis: bf7c407c2cedff20999df2af8eb42d56 -> 
  custom:audio-encoder-webm-vorbis: bf7c407c2cedff20999df2af8eb42d56 -> 
========================================================================
Received Prepare
Registering precompiled user dll's ...
Registered in 0.007698 seconds.
Begin MonoManager ReloadAssembly
Native extension for LinuxStandalone target not found
Refreshing native plugins compatible for Editor in 0.76 ms, found 0 plugins.
Preloading 0 native plugins for Editor in 0.00 ms.
Mono: successfully reloaded assembly
- Completed reload, in  1.495 seconds
Domain Reload Profiling:
	ReloadAssembly (1496ms)
		BeginReloadAssembly (118ms)
			ExecutionOrderSort (0ms)
			DisableScriptedObjects (6ms)
			BackupInstance (0ms)
			ReleaseScriptingObjects (0ms)
			CreateAndSetChildDomain (47ms)
		EndReloadAssembly (1293ms)
			LoadAssemblies (92ms)
			RebuildTransferFunctionScriptingTraits (0ms)
			SetupTypeCache (467ms)
			ReleaseScriptCaches (2ms)
			RebuildScriptCaches (78ms)
			SetupLoadedEditorAssemblies (443ms)
				LogAssemblyErrors (0ms)
				InitializePlatformSupportModulesInManaged (6ms)
				SetLoadedEditorAssemblies (1ms)
				RefreshPlugins (1ms)
				BeforeProcessingInitializeOnLoad (87ms)
				ProcessInitializeOnLoadAttributes (331ms)
				ProcessInitializeOnLoadMethodAttributes (9ms)
				AfterProcessingInitializeOnLoad (8ms)
				EditorAssembliesLoaded (0ms)
			ExecutionOrderSort2 (0ms)
			AwakeInstancesAfterBackupRestoration (28ms)
Platform modules already initialized, skipping
Refreshing native plugins compatible for Editor in 0.66 ms, found 0 plugins.
Preloading 0 native plugins for Editor in 0.00 ms.
Unloading 2937 Unused Serialized files (Serialized files now loaded: 0)
System memory in use before: 145.4 MB.
System memory in use after: 145.6 MB.

Unloading 15 unused Assets to reduce memory usage. Loaded Objects now: 3872.
Total: 6.648332 ms (FindLiveObjects: 0.420779 ms CreateObjectMapping: 0.168909 ms MarkObjects: 5.970112 ms  DeleteObjects: 0.087419 ms)

AssetImportParameters requested are different than current active one (requested -> active):
  custom:video-decoder-ogg-theora: a1e56fd34408186e4bbccfd4996cb3dc -> 
  custom:container-muxer-webm: aa71ff27fc2769a1b78a27578f13a17b -> 
  custom:container-demuxer-webm: 4f35f7cbe854078d1ac9338744f61a02 -> 
  custom:container-demuxer-ogg: 62fdf1f143b41e24485cea50d1cbac27 -> 
  custom:video-encoder-webm-vp8: eb34c28f22e8b96e1ab97ce403110664 -> 
  custom:video-decoder-webm-vp8: 9c59270c3fd7afecdb556c50c9e8de78 -> 
  custom:audio-decoder-ogg-vorbis: bf7c407c2cedff20999df2af8eb42d56 -> 
  custom:audio-encoder-webm-vorbis: bf7c407c2cedff20999df2af8eb42d56 -> 
========================================================================
Received Prepare
Registering precompiled user dll's ...
Registered in 0.004538 seconds.
Begin MonoManager ReloadAssembly
Native extension for LinuxStandalone target not found
Refreshing native plugins compatible for Editor in 0.66 ms, found 0 plugins.
Preloading 0 native plugins for Editor in 0.00 ms.
Mono: successfully reloaded assembly
- Completed reload, in  1.464 seconds
Domain Reload Profiling:
	ReloadAssembly (1464ms)
		BeginReloadAssembly (119ms)
			ExecutionOrderSort (0ms)
			DisableScriptedObjects (6ms)
			BackupInstance (0ms)
			ReleaseScriptingObjects (0ms)
			CreateAndSetChildDomain (46ms)
		EndReloadAssembly (1269ms)
			LoadAssemblies (103ms)
			RebuildTransferFunctionScriptingTraits (0ms)
			SetupTypeCache (467ms)
			ReleaseScriptCaches (1ms)
			RebuildScriptCaches (56ms)
			SetupLoadedEditorAssemblies (433ms)
				LogAssemblyErrors (0ms)
				InitializePlatformSupportModulesInManaged (6ms)
				SetLoadedEditorAssemblies (1ms)
				RefreshPlugins (1ms)
				BeforeProcessingInitializeOnLoad (79ms)
				ProcessInitializeOnLoadAttributes (331ms)
				ProcessInitializeOnLoadMethodAttributes (9ms)
				AfterProcessingInitializeOnLoad (7ms)
				EditorAssembliesLoaded (0ms)
			ExecutionOrderSort2 (0ms)
			AwakeInstancesAfterBackupRestoration (28ms)
Platform modules already initialized, skipping
Refreshing native plugins compatible for Editor in 0.68 ms, found 0 plugins.
Preloading 0 native plugins for Editor in 0.00 ms.
Unloading 2937 Unused Serialized files (Serialized files now loaded: 0)
System memory in use before: 145.4 MB.
System memory in use after: 145.6 MB.

Unloading 15 unused Assets to reduce memory usage. Loaded Objects now: 3874.
Total: 11.062049 ms (FindLiveObjects: 0.305780 ms CreateObjectMapping: 0.133741 ms MarkObjects: 10.494338 ms  DeleteObjects: 0.126441 ms)

AssetImportParameters requested are different than current active one (requested -> active):
  custom:video-decoder-ogg-theora: a1e56fd34408186e4bbccfd4996cb3dc -> 
  custom:container-muxer-webm: aa71ff27fc2769a1b78a27578f13a17b -> 
  custom:container-demuxer-webm: 4f35f7cbe854078d1ac9338744f61a02 -> 
  custom:container-demuxer-ogg: 62fdf1f143b41e24485cea50d1cbac27 -> 
  custom:video-encoder-webm-vp8: eb34c28f22e8b96e1ab97ce403110664 -> 
  custom:video-decoder-webm-vp8: 9c59270c3fd7afecdb556c50c9e8de78 -> 
  custom:audio-decoder-ogg-vorbis: bf7c407c2cedff20999df2af8eb42d56 -> 
  custom:audio-encoder-webm-vorbis: bf7c407c2cedff20999df2af8eb42d56 -> 
========================================================================
Received Prepare
Registering precompiled user dll's ...
Registered in 0.005230 seconds.
Begin MonoManager ReloadAssembly
Native extension for LinuxStandalone target not found
Refreshing native plugins compatible for Editor in 0.70 ms, found 0 plugins.
Preloading 0 native plugins for Editor in 0.00 ms.
Mono: successfully reloaded assembly
- Completed reload, in  1.470 seconds
Domain Reload Profiling:
	ReloadAssembly (1471ms)
		BeginReloadAssembly (128ms)
			ExecutionOrderSort (0ms)
			DisableScriptedObjects (10ms)
			BackupInstance (0ms)
			ReleaseScriptingObjects (0ms)
			CreateAndSetChildDomain (50ms)
		EndReloadAssembly (1264ms)
			LoadAssemblies (101ms)
			RebuildTransferFunctionScriptingTraits (0ms)
			SetupTypeCache (455ms)
			ReleaseScriptCaches (1ms)
			RebuildScriptCaches (59ms)
			SetupLoadedEditorAssemblies (449ms)
				LogAssemblyErrors (0ms)
				InitializePlatformSupportModulesInManaged (5ms)
				SetLoadedEditorAssemblies (1ms)
				RefreshPlugins (1ms)
				BeforeProcessingInitializeOnLoad (83ms)
				ProcessInitializeOnLoadAttributes (344ms)
				ProcessInitializeOnLoadMethodAttributes (8ms)
				AfterProcessingInitializeOnLoad (7ms)
				EditorAssembliesLoaded (0ms)
			ExecutionOrderSort2 (0ms)
			AwakeInstancesAfterBackupRestoration (28ms)
Platform modules already initialized, skipping
Refreshing native plugins compatible for Editor in 0.57 ms, found 0 plugins.
Preloading 0 native plugins for Editor in 0.00 ms.
Unloading 2937 Unused Serialized files (Serialized files now loaded: 0)
System memory in use before: 145.5 MB.
System memory in use after: 145.6 MB.

Unloading 15 unused Assets to reduce memory usage. Loaded Objects now: 3876.
Total: 6.647782 ms (FindLiveObjects: 0.299220 ms CreateObjectMapping: 0.141858 ms MarkObjects: 6.140339 ms  DeleteObjects: 0.065213 ms)

AssetImportParameters requested are different than current active one (requested -> active):
  custom:video-decoder-ogg-theora: a1e56fd34408186e4bbccfd4996cb3dc -> 
  custom:container-muxer-webm: aa71ff27fc2769a1b78a27578f13a17b -> 
  custom:container-demuxer-webm: 4f35f7cbe854078d1ac9338744f61a02 -> 
  custom:container-demuxer-ogg: 62fdf1f143b41e24485cea50d1cbac27 -> 
  custom:video-encoder-webm-vp8: eb34c28f22e8b96e1ab97ce403110664 -> 
  custom:video-decoder-webm-vp8: 9c59270c3fd7afecdb556c50c9e8de78 -> 
  custom:audio-decoder-ogg-vorbis: bf7c407c2cedff20999df2af8eb42d56 -> 
  custom:audio-encoder-webm-vorbis: bf7c407c2cedff20999df2af8eb42d56 -> 
========================================================================
Received Prepare
Registering precompiled user dll's ...
Registered in 0.004950 seconds.
Begin MonoManager ReloadAssembly
Native extension for LinuxStandalone target not found
Refreshing native plugins compatible for Editor in 0.54 ms, found 0 plugins.
Preloading 0 native plugins for Editor in 0.00 ms.
Mono: successfully reloaded assembly
- Completed reload, in  1.461 seconds
Domain Reload Profiling:
	ReloadAssembly (1462ms)
		BeginReloadAssembly (117ms)
			ExecutionOrderSort (0ms)
			DisableScriptedObjects (6ms)
			BackupInstance (0ms)
			ReleaseScriptingObjects (0ms)
			CreateAndSetChildDomain (51ms)
		EndReloadAssembly (1264ms)
			LoadAssemblies (89ms)
			RebuildTransferFunctionScriptingTraits (0ms)
			SetupTypeCache (490ms)
			ReleaseScriptCaches (2ms)
			RebuildScriptCaches (55ms)
			SetupLoadedEditorAssemblies (415ms)
				LogAssemblyErrors (0ms)
				InitializePlatformSupportModulesInManaged (5ms)
				SetLoadedEditorAssemblies (1ms)
				RefreshPlugins (1ms)
				BeforeProcessingInitializeOnLoad (78ms)
				ProcessInitializeOnLoadAttributes (313ms)
				ProcessInitializeOnLoadMethodAttributes (9ms)
				AfterProcessingInitializeOnLoad (7ms)
				EditorAssembliesLoaded (0ms)
			ExecutionOrderSort2 (0ms)
			AwakeInstancesAfterBackupRestoration (37ms)
Platform modules already initialized, skipping
Refreshing native plugins compatible for Editor in 0.71 ms, found 0 plugins.
Preloading 0 native plugins for Editor in 0.00 ms.
Unloading 2937 Unused Serialized files (Serialized files now loaded: 0)
System memory in use before: 145.5 MB.
System memory in use after: 145.6 MB.

Unloading 15 unused Assets to reduce memory usage. Loaded Objects now: 3878.
Total: 7.122366 ms (FindLiveObjects: 0.328232 ms CreateObjectMapping: 0.162315 ms MarkObjects: 6.510772 ms  DeleteObjects: 0.119579 ms)

AssetImportParameters requested are different than current active one (requested -> active):
  custom:video-decoder-ogg-theora: a1e56fd34408186e4bbccfd4996cb3dc -> 
  custom:container-muxer-webm: aa71ff27fc2769a1b78a27578f13a17b -> 
  custom:container-demuxer-webm: 4f35f7cbe854078d1ac9338744f61a02 -> 
  custom:container-demuxer-ogg: 62fdf1f143b41e24485cea50d1cbac27 -> 
  custom:video-encoder-webm-vp8: eb34c28f22e8b96e1ab97ce403110664 -> 
  custom:video-decoder-webm-vp8: 9c59270c3fd7afecdb556c50c9e8de78 -> 
  custom:audio-decoder-ogg-vorbis: bf7c407c2cedff20999df2af8eb42d56 -> 
  custom:audio-encoder-webm-vorbis: bf7c407c2cedff20999df2af8eb42d56 -> 
========================================================================
Received Prepare
Registering precompiled user dll's ...
Registered in 0.005019 seconds.
Begin MonoManager ReloadAssembly
Native extension for LinuxStandalone target not found
Refreshing native plugins compatible for Editor in 1.12 ms, found 0 plugins.
Preloading 0 native plugins for Editor in 0.00 ms.
Mono: successfully reloaded assembly
- Completed reload, in  1.382 seconds
Domain Reload Profiling:
	ReloadAssembly (1382ms)
		BeginReloadAssembly (112ms)
			ExecutionOrderSort (0ms)
			DisableScriptedObjects (6ms)
			BackupInstance (0ms)
			ReleaseScriptingObjects (0ms)
			CreateAndSetChildDomain (47ms)
		EndReloadAssembly (1190ms)
			LoadAssemblies (84ms)
			RebuildTransferFunctionScriptingTraits (0ms)
			SetupTypeCache (385ms)
			ReleaseScriptCaches (2ms)
			RebuildScriptCaches (68ms)
			SetupLoadedEditorAssemblies (439ms)
				LogAssemblyErrors (0ms)
				InitializePlatformSupportModulesInManaged (7ms)
				SetLoadedEditorAssemblies (1ms)
				RefreshPlugins (1ms)
				BeforeProcessingInitializeOnLoad (91ms)
				ProcessInitializeOnLoadAttributes (323ms)
				ProcessInitializeOnLoadMethodAttributes (9ms)
				AfterProcessingInitializeOnLoad (7ms)
				EditorAssembliesLoaded (0ms)
			ExecutionOrderSort2 (0ms)
			AwakeInstancesAfterBackupRestoration (34ms)
Platform modules already initialized, skipping
Refreshing native plugins compatible for Editor in 0.59 ms, found 0 plugins.
Preloading 0 native plugins for Editor in 0.00 ms.
Unloading 2937 Unused Serialized files (Serialized files now loaded: 0)
System memory in use before: 145.5 MB.
System memory in use after: 145.7 MB.

Unloading 15 unused Assets to reduce memory usage. Loaded Objects now: 3880.
Total: 6.682227 ms (FindLiveObjects: 0.402115 ms CreateObjectMapping: 0.161447 ms MarkObjects: 6.046990 ms  DeleteObjects: 0.070586 ms)

AssetImportParameters requested are different than current active one (requested -> active):
  custom:video-decoder-ogg-theora: a1e56fd34408186e4bbccfd4996cb3dc -> 
  custom:container-muxer-webm: aa71ff27fc2769a1b78a27578f13a17b -> 
  custom:container-demuxer-webm: 4f35f7cbe854078d1ac9338744f61a02 -> 
  custom:container-demuxer-ogg: 62fdf1f143b41e24485cea50d1cbac27 -> 
  custom:video-encoder-webm-vp8: eb34c28f22e8b96e1ab97ce403110664 -> 
  custom:video-decoder-webm-vp8: 9c59270c3fd7afecdb556c50c9e8de78 -> 
  custom:audio-decoder-ogg-vorbis: bf7c407c2cedff20999df2af8eb42d56 -> 
  custom:audio-encoder-webm-vorbis: bf7c407c2cedff20999df2af8eb42d56 -> 
========================================================================
Received Prepare
Registering precompiled user dll's ...
Registered in 0.004646 seconds.
Begin MonoManager ReloadAssembly
Native extension for LinuxStandalone target not found
Refreshing native plugins compatible for Editor in 0.57 ms, found 0 plugins.
Preloading 0 native plugins for Editor in 0.00 ms.
Mono: successfully reloaded assembly
- Completed reload, in  1.341 seconds
Domain Reload Profiling:
	ReloadAssembly (1342ms)
		BeginReloadAssembly (111ms)
			ExecutionOrderSort (0ms)
			DisableScriptedObjects (7ms)
			BackupInstance (0ms)
			ReleaseScriptingObjects (0ms)
			CreateAndSetChildDomain (45ms)
		EndReloadAssembly (1158ms)
			LoadAssemblies (84ms)
			RebuildTransferFunctionScriptingTraits (0ms)
			SetupTypeCache (415ms)
			ReleaseScriptCaches (1ms)
			RebuildScriptCaches (53ms)
			SetupLoadedEditorAssemblies (413ms)
				LogAssemblyErrors (0ms)
				InitializePlatformSupportModulesInManaged (5ms)
				SetLoadedEditorAssemblies (1ms)
				RefreshPlugins (1ms)
				BeforeProcessingInitializeOnLoad (73ms)
				ProcessInitializeOnLoadAttributes (309ms)
				ProcessInitializeOnLoadMethodAttributes (14ms)
				AfterProcessingInitializeOnLoad (10ms)
				EditorAssembliesLoaded (0ms)
			ExecutionOrderSort2 (0ms)
			AwakeInstancesAfterBackupRestoration (27ms)
Platform modules already initialized, skipping
Refreshing native plugins compatible for Editor in 0.62 ms, found 0 plugins.
Preloading 0 native plugins for Editor in 0.00 ms.
Unloading 2937 Unused Serialized files (Serialized files now loaded: 0)
System memory in use before: 145.5 MB.
System memory in use after: 145.7 MB.

Unloading 15 unused Assets to reduce memory usage. Loaded Objects now: 3882.
Total: 7.039501 ms (FindLiveObjects: 0.305488 ms CreateObjectMapping: 0.147398 ms MarkObjects: 6.508044 ms  DeleteObjects: 0.077120 ms)

AssetImportParameters requested are different than current active one (requested -> active):
  custom:video-decoder-ogg-theora: a1e56fd34408186e4bbccfd4996cb3dc -> 
  custom:container-muxer-webm: aa71ff27fc2769a1b78a27578f13a17b -> 
  custom:container-demuxer-webm: 4f35f7cbe854078d1ac9338744f61a02 -> 
  custom:container-demuxer-ogg: 62fdf1f143b41e24485cea50d1cbac27 -> 
  custom:video-encoder-webm-vp8: eb34c28f22e8b96e1ab97ce403110664 -> 
  custom:video-decoder-webm-vp8: 9c59270c3fd7afecdb556c50c9e8de78 -> 
  custom:audio-decoder-ogg-vorbis: bf7c407c2cedff20999df2af8eb42d56 -> 
  custom:audio-encoder-webm-vorbis: bf7c407c2cedff20999df2af8eb42d56 -> 
========================================================================
Received Prepare
Registering precompiled user dll's ...
Registered in 0.004583 seconds.
Begin MonoManager ReloadAssembly
Native extension for LinuxStandalone target not found
Refreshing native plugins compatible for Editor in 0.57 ms, found 0 plugins.
Preloading 0 native plugins for Editor in 0.00 ms.
Mono: successfully reloaded assembly
- Completed reload, in  1.373 seconds
Domain Reload Profiling:
	ReloadAssembly (1374ms)
		BeginReloadAssembly (112ms)
			ExecutionOrderSort (0ms)
			DisableScriptedObjects (6ms)
			BackupInstance (0ms)
			ReleaseScriptingObjects (0ms)
			CreateAndSetChildDomain (47ms)
		EndReloadAssembly (1191ms)
			LoadAssemblies (89ms)
			RebuildTransferFunctionScriptingTraits (0ms)
			SetupTypeCache (449ms)
			ReleaseScriptCaches (1ms)
			RebuildScriptCaches (64ms)
			SetupLoadedEditorAssemblies (407ms)
				LogAssemblyErrors (0ms)
				InitializePlatformSupportModulesInManaged (5ms)
				SetLoadedEditorAssemblies (1ms)
				RefreshPlugins (1ms)
				BeforeProcessingInitializeOnLoad (81ms)
				ProcessInitializeOnLoadAttributes (305ms)
				ProcessInitializeOnLoadMethodAttributes (8ms)
				AfterProcessingInitializeOnLoad (7ms)
				EditorAssembliesLoaded (0ms)
			ExecutionOrderSort2 (0ms)
			AwakeInstancesAfterBackupRestoration (26ms)
Platform modules already initialized, skipping
Refreshing native plugins compatible for Editor in 0.66 ms, found 0 plugins.
Preloading 0 native plugins for Editor in 0.00 ms.
Unloading 2937 Unused Serialized files (Serialized files now loaded: 0)
System memory in use before: 145.5 MB.
System memory in use after: 145.7 MB.

Unloading 15 unused Assets to reduce memory usage. Loaded Objects now: 3884.
Total: 7.589037 ms (FindLiveObjects: 0.311035 ms CreateObjectMapping: 0.158091 ms MarkObjects: 7.035303 ms  DeleteObjects: 0.082832 ms)

AssetImportParameters requested are different than current active one (requested -> active):
  custom:video-decoder-ogg-theora: a1e56fd34408186e4bbccfd4996cb3dc -> 
  custom:container-muxer-webm: aa71ff27fc2769a1b78a27578f13a17b -> 
  custom:container-demuxer-webm: 4f35f7cbe854078d1ac9338744f61a02 -> 
  custom:container-demuxer-ogg: 62fdf1f143b41e24485cea50d1cbac27 -> 
  custom:video-encoder-webm-vp8: eb34c28f22e8b96e1ab97ce403110664 -> 
  custom:video-decoder-webm-vp8: 9c59270c3fd7afecdb556c50c9e8de78 -> 
  custom:audio-decoder-ogg-vorbis: bf7c407c2cedff20999df2af8eb42d56 -> 
  custom:audio-encoder-webm-vorbis: bf7c407c2cedff20999df2af8eb42d56 -> 
========================================================================
Received Prepare
Registering precompiled user dll's ...
Registered in 0.004772 seconds.
Begin MonoManager ReloadAssembly
Native extension for LinuxStandalone target not found
Refreshing native plugins compatible for Editor in 0.71 ms, found 0 plugins.
Preloading 0 native plugins for Editor in 0.00 ms.
Mono: successfully reloaded assembly
- Completed reload, in  1.461 seconds
Domain Reload Profiling:
	ReloadAssembly (1461ms)
		BeginReloadAssembly (126ms)
			ExecutionOrderSort (0ms)
			DisableScriptedObjects (6ms)
			BackupInstance (0ms)
			ReleaseScriptingObjects (0ms)
			CreateAndSetChildDomain (50ms)
		EndReloadAssembly (1263ms)
			LoadAssemblies (95ms)
			RebuildTransferFunctionScriptingTraits (0ms)
			SetupTypeCache (450ms)
			ReleaseScriptCaches (2ms)
			RebuildScriptCaches (63ms)
			SetupLoadedEditorAssemblies (452ms)
				LogAssemblyErrors (0ms)
				InitializePlatformSupportModulesInManaged (6ms)
				SetLoadedEditorAssemblies (1ms)
				RefreshPlugins (1ms)
				BeforeProcessingInitializeOnLoad (78ms)
				ProcessInitializeOnLoadAttributes (347ms)
				ProcessInitializeOnLoadMethodAttributes (10ms)
				AfterProcessingInitializeOnLoad (8ms)
				EditorAssembliesLoaded (0ms)
			ExecutionOrderSort2 (0ms)
			AwakeInstancesAfterBackupRestoration (29ms)
Platform modules already initialized, skipping
Refreshing native plugins compatible for Editor in 0.71 ms, found 0 plugins.
Preloading 0 native plugins for Editor in 0.00 ms.
Unloading 2937 Unused Serialized files (Serialized files now loaded: 0)
System memory in use before: 145.5 MB.
System memory in use after: 145.7 MB.

Unloading 15 unused Assets to reduce memory usage. Loaded Objects now: 3886.
Total: 6.525729 ms (FindLiveObjects: 0.309260 ms CreateObjectMapping: 0.177640 ms MarkObjects: 5.968469 ms  DeleteObjects: 0.068800 ms)

AssetImportParameters requested are different than current active one (requested -> active):
  custom:video-decoder-ogg-theora: a1e56fd34408186e4bbccfd4996cb3dc -> 
  custom:container-muxer-webm: aa71ff27fc2769a1b78a27578f13a17b -> 
  custom:container-demuxer-webm: 4f35f7cbe854078d1ac9338744f61a02 -> 
  custom:container-demuxer-ogg: 62fdf1f143b41e24485cea50d1cbac27 -> 
  custom:video-encoder-webm-vp8: eb34c28f22e8b96e1ab97ce403110664 -> 
  custom:video-decoder-webm-vp8: 9c59270c3fd7afecdb556c50c9e8de78 -> 
  custom:audio-decoder-ogg-vorbis: bf7c407c2cedff20999df2af8eb42d56 -> 
  custom:audio-encoder-webm-vorbis: bf7c407c2cedff20999df2af8eb42d56 -> 
========================================================================
Received Prepare
Registering precompiled user dll's ...
Registered in 0.005365 seconds.
Begin MonoManager ReloadAssembly
Native extension for LinuxStandalone target not found
Refreshing native plugins compatible for Editor in 0.63 ms, found 0 plugins.
Preloading 0 native plugins for Editor in 0.00 ms.
Mono: successfully reloaded assembly
- Completed reload, in  1.402 seconds
Domain Reload Profiling:
	ReloadAssembly (1403ms)
		BeginReloadAssembly (128ms)
			ExecutionOrderSort (0ms)
			DisableScriptedObjects (6ms)
			BackupInstance (0ms)
			ReleaseScriptingObjects (0ms)
			CreateAndSetChildDomain (53ms)
		EndReloadAssembly (1207ms)
			LoadAssemblies (84ms)
			RebuildTransferFunctionScriptingTraits (0ms)
			SetupTypeCache (417ms)
			ReleaseScriptCaches (1ms)
			RebuildScriptCaches (51ms)
			SetupLoadedEditorAssemblies (461ms)
				LogAssemblyErrors (0ms)
				InitializePlatformSupportModulesInManaged (7ms)
				SetLoadedEditorAssemblies (1ms)
				RefreshPlugins (1ms)
				BeforeProcessingInitializeOnLoad (82ms)
				ProcessInitializeOnLoadAttributes (349ms)
				ProcessInitializeOnLoadMethodAttributes (12ms)
				AfterProcessingInitializeOnLoad (8ms)
				EditorAssembliesLoaded (0ms)
			ExecutionOrderSort2 (0ms)
			AwakeInstancesAfterBackupRestoration (26ms)
Platform modules already initialized, skipping
Refreshing native plugins compatible for Editor in 0.59 ms, found 0 plugins.
Preloading 0 native plugins for Editor in 0.00 ms.
Unloading 2937 Unused Serialized files (Serialized files now loaded: 0)
System memory in use before: 145.6 MB.
System memory in use after: 145.7 MB.

Unloading 15 unused Assets to reduce memory usage. Loaded Objects now: 3888.
Total: 6.811174 ms (FindLiveObjects: 0.312898 ms CreateObjectMapping: 0.155162 ms MarkObjects: 6.260160 ms  DeleteObjects: 0.081784 ms)

AssetImportParameters requested are different than current active one (requested -> active):
  custom:video-decoder-ogg-theora: a1e56fd34408186e4bbccfd4996cb3dc -> 
  custom:container-muxer-webm: aa71ff27fc2769a1b78a27578f13a17b -> 
  custom:container-demuxer-webm: 4f35f7cbe854078d1ac9338744f61a02 -> 
  custom:container-demuxer-ogg: 62fdf1f143b41e24485cea50d1cbac27 -> 
  custom:video-encoder-webm-vp8: eb34c28f22e8b96e1ab97ce403110664 -> 
  custom:video-decoder-webm-vp8: 9c59270c3fd7afecdb556c50c9e8de78 -> 
  custom:audio-decoder-ogg-vorbis: bf7c407c2cedff20999df2af8eb42d56 -> 
  custom:audio-encoder-webm-vorbis: bf7c407c2cedff20999df2af8eb42d56 -> 
========================================================================
Received Prepare
Registering precompiled user dll's ...
Registered in 0.004929 seconds.
Begin MonoManager ReloadAssembly
Native extension for LinuxStandalone target not found
Refreshing native plugins compatible for Editor in 0.79 ms, found 0 plugins.
Preloading 0 native plugins for Editor in 0.00 ms.
Mono: successfully reloaded assembly
- Completed reload, in  1.387 seconds
Domain Reload Profiling:
	ReloadAssembly (1387ms)
		BeginReloadAssembly (113ms)
			ExecutionOrderSort (0ms)
			DisableScriptedObjects (6ms)
			BackupInstance (0ms)
			ReleaseScriptingObjects (0ms)
			CreateAndSetChildDomain (46ms)
		EndReloadAssembly (1201ms)
			LoadAssemblies (83ms)
			RebuildTransferFunctionScriptingTraits (0ms)
			SetupTypeCache (384ms)
			ReleaseScriptCaches (1ms)
			RebuildScriptCaches (64ms)
			SetupLoadedEditorAssemblies (465ms)
				LogAssemblyErrors (0ms)
				InitializePlatformSupportModulesInManaged (6ms)
				SetLoadedEditorAssemblies (1ms)
				RefreshPlugins (1ms)
				BeforeProcessingInitializeOnLoad (81ms)
				ProcessInitializeOnLoadAttributes (358ms)
				ProcessInitializeOnLoadMethodAttributes (10ms)
				AfterProcessingInitializeOnLoad (8ms)
				EditorAssembliesLoaded (0ms)
			ExecutionOrderSort2 (0ms)
			AwakeInstancesAfterBackupRestoration (29ms)
Platform modules already initialized, skipping
Refreshing native plugins compatible for Editor in 1.49 ms, found 0 plugins.
Preloading 0 native plugins for Editor in 0.00 ms.
Unloading 2937 Unused Serialized files (Serialized files now loaded: 0)
System memory in use before: 145.6 MB.
System memory in use after: 145.7 MB.

Unloading 15 unused Assets to reduce memory usage. Loaded Objects now: 3890.
Total: 7.869292 ms (FindLiveObjects: 0.357558 ms CreateObjectMapping: 0.166429 ms MarkObjects: 7.232195 ms  DeleteObjects: 0.111685 ms)

AssetImportParameters requested are different than current active one (requested -> active):
  custom:video-decoder-ogg-theora: a1e56fd34408186e4bbccfd4996cb3dc -> 
  custom:container-muxer-webm: aa71ff27fc2769a1b78a27578f13a17b -> 
  custom:container-demuxer-webm: 4f35f7cbe854078d1ac9338744f61a02 -> 
  custom:container-demuxer-ogg: 62fdf1f143b41e24485cea50d1cbac27 -> 
  custom:video-encoder-webm-vp8: eb34c28f22e8b96e1ab97ce403110664 -> 
  custom:video-decoder-webm-vp8: 9c59270c3fd7afecdb556c50c9e8de78 -> 
  custom:audio-decoder-ogg-vorbis: bf7c407c2cedff20999df2af8eb42d56 -> 
  custom:audio-encoder-webm-vorbis: bf7c407c2cedff20999df2af8eb42d56 -> 
========================================================================
Received Prepare
Registering precompiled user dll's ...
Registered in 0.004818 seconds.
Begin MonoManager ReloadAssembly
Native extension for LinuxStandalone target not found
Refreshing native plugins compatible for Editor in 0.64 ms, found 0 plugins.
Preloading 0 native plugins for Editor in 0.00 ms.
Mono: successfully reloaded assembly
- Completed reload, in  1.368 seconds
Domain Reload Profiling:
	ReloadAssembly (1368ms)
		BeginReloadAssembly (115ms)
			ExecutionOrderSort (0ms)
			DisableScriptedObjects (6ms)
			BackupInstance (0ms)
			ReleaseScriptingObjects (0ms)
			CreateAndSetChildDomain (48ms)
		EndReloadAssembly (1181ms)
			LoadAssemblies (94ms)
			RebuildTransferFunctionScriptingTraits (0ms)
			SetupTypeCache (388ms)
			ReleaseScriptCaches (1ms)
			RebuildScriptCaches (58ms)
			SetupLoadedEditorAssemblies (438ms)
				LogAssemblyErrors (0ms)
				InitializePlatformSupportModulesInManaged (6ms)
				SetLoadedEditorAssemblies (1ms)
				RefreshPlugins (1ms)
				BeforeProcessingInitializeOnLoad (73ms)
				ProcessInitializeOnLoadAttributes (341ms)
				ProcessInitializeOnLoadMethodAttributes (9ms)
				AfterProcessingInitializeOnLoad (7ms)
				EditorAssembliesLoaded (0ms)
			ExecutionOrderSort2 (0ms)
			AwakeInstancesAfterBackupRestoration (29ms)
Platform modules already initialized, skipping
Refreshing native plugins compatible for Editor in 0.82 ms, found 0 plugins.
Preloading 0 native plugins for Editor in 0.00 ms.
Unloading 2937 Unused Serialized files (Serialized files now loaded: 0)
System memory in use before: 145.6 MB.
System memory in use after: 145.8 MB.

Unloading 15 unused Assets to reduce memory usage. Loaded Objects now: 3892.
Total: 7.506296 ms (FindLiveObjects: 0.344471 ms CreateObjectMapping: 0.196554 ms MarkObjects: 6.883583 ms  DeleteObjects: 0.079996 ms)

AssetImportParameters requested are different than current active one (requested -> active):
  custom:video-decoder-ogg-theora: a1e56fd34408186e4bbccfd4996cb3dc -> 
  custom:container-muxer-webm: aa71ff27fc2769a1b78a27578f13a17b -> 
  custom:container-demuxer-webm: 4f35f7cbe854078d1ac9338744f61a02 -> 
  custom:container-demuxer-ogg: 62fdf1f143b41e24485cea50d1cbac27 -> 
  custom:video-encoder-webm-vp8: eb34c28f22e8b96e1ab97ce403110664 -> 
  custom:video-decoder-webm-vp8: 9c59270c3fd7afecdb556c50c9e8de78 -> 
  custom:audio-decoder-ogg-vorbis: bf7c407c2cedff20999df2af8eb42d56 -> 
  custom:audio-encoder-webm-vorbis: bf7c407c2cedff20999df2af8eb42d56 -> 
========================================================================
Received Prepare
Registering precompiled user dll's ...
Registered in 0.004511 seconds.
Begin MonoManager ReloadAssembly
Native extension for LinuxStandalone target not found
Refreshing native plugins compatible for Editor in 0.63 ms, found 0 plugins.
Preloading 0 native plugins for Editor in 0.00 ms.
Mono: successfully reloaded assembly
- Completed reload, in  1.464 seconds
Domain Reload Profiling:
	ReloadAssembly (1464ms)
		BeginReloadAssembly (128ms)
			ExecutionOrderSort (0ms)
			DisableScriptedObjects (6ms)
			BackupInstance (0ms)
			ReleaseScriptingObjects (0ms)
			CreateAndSetChildDomain (57ms)
		EndReloadAssembly (1266ms)
			LoadAssemblies (87ms)
			RebuildTransferFunctionScriptingTraits (0ms)
			SetupTypeCache (430ms)
			ReleaseScriptCaches (1ms)
			RebuildScriptCaches (53ms)
			SetupLoadedEditorAssemblies (482ms)
				LogAssemblyErrors (0ms)
				InitializePlatformSupportModulesInManaged (6ms)
				SetLoadedEditorAssemblies (1ms)
				RefreshPlugins (1ms)
				BeforeProcessingInitializeOnLoad (80ms)
				ProcessInitializeOnLoadAttributes (374ms)
				ProcessInitializeOnLoadMethodAttributes (11ms)
				AfterProcessingInitializeOnLoad (10ms)
				EditorAssembliesLoaded (0ms)
			ExecutionOrderSort2 (0ms)
			AwakeInstancesAfterBackupRestoration (27ms)
Platform modules already initialized, skipping
Refreshing native plugins compatible for Editor in 0.60 ms, found 0 plugins.
Preloading 0 native plugins for Editor in 0.00 ms.
Unloading 2937 Unused Serialized files (Serialized files now loaded: 0)
System memory in use before: 145.6 MB.
System memory in use after: 145.8 MB.

Unloading 15 unused Assets to reduce memory usage. Loaded Objects now: 3894.
Total: 13.476394 ms (FindLiveObjects: 1.689161 ms CreateObjectMapping: 0.854121 ms MarkObjects: 10.839808 ms  DeleteObjects: 0.087835 ms)

AssetImportParameters requested are different than current active one (requested -> active):
  custom:video-decoder-ogg-theora: a1e56fd34408186e4bbccfd4996cb3dc -> 
  custom:container-muxer-webm: aa71ff27fc2769a1b78a27578f13a17b -> 
  custom:container-demuxer-webm: 4f35f7cbe854078d1ac9338744f61a02 -> 
  custom:container-demuxer-ogg: 62fdf1f143b41e24485cea50d1cbac27 -> 
  custom:video-encoder-webm-vp8: eb34c28f22e8b96e1ab97ce403110664 -> 
  custom:video-decoder-webm-vp8: 9c59270c3fd7afecdb556c50c9e8de78 -> 
  custom:audio-decoder-ogg-vorbis: bf7c407c2cedff20999df2af8eb42d56 -> 
  custom:audio-encoder-webm-vorbis: bf7c407c2cedff20999df2af8eb42d56 -> 
========================================================================
Received Prepare
Registering precompiled user dll's ...
Registered in 0.004532 seconds.
Begin MonoManager ReloadAssembly
Native extension for LinuxStandalone target not found
Refreshing native plugins compatible for Editor in 0.61 ms, found 0 plugins.
Preloading 0 native plugins for Editor in 0.00 ms.
Mono: successfully reloaded assembly
- Completed reload, in  1.429 seconds
Domain Reload Profiling:
	ReloadAssembly (1429ms)
		BeginReloadAssembly (116ms)
			ExecutionOrderSort (0ms)
			DisableScriptedObjects (5ms)
			BackupInstance (0ms)
			ReleaseScriptingObjects (0ms)
			CreateAndSetChildDomain (46ms)
		EndReloadAssembly (1234ms)
			LoadAssemblies (88ms)
			RebuildTransferFunctionScriptingTraits (0ms)
			SetupTypeCache (409ms)
			ReleaseScriptCaches (1ms)
			RebuildScriptCaches (58ms)
			SetupLoadedEditorAssemblies (476ms)
				LogAssemblyErrors (0ms)
				InitializePlatformSupportModulesInManaged (6ms)
				SetLoadedEditorAssemblies (1ms)
				RefreshPlugins (1ms)
				BeforeProcessingInitializeOnLoad (79ms)
				ProcessInitializeOnLoadAttributes (372ms)
				ProcessInitializeOnLoadMethodAttributes (10ms)
				AfterProcessingInitializeOnLoad (8ms)
				EditorAssembliesLoaded (0ms)
			ExecutionOrderSort2 (0ms)
			AwakeInstancesAfterBackupRestoration (33ms)
Platform modules already initialized, skipping
Refreshing native plugins compatible for Editor in 1.22 ms, found 0 plugins.
Preloading 0 native plugins for Editor in 0.00 ms.
Unloading 2937 Unused Serialized files (Serialized files now loaded: 0)
System memory in use before: 145.6 MB.
System memory in use after: 145.8 MB.

Unloading 15 unused Assets to reduce memory usage. Loaded Objects now: 3896.
Total: 6.807832 ms (FindLiveObjects: 0.295495 ms CreateObjectMapping: 0.151102 ms MarkObjects: 6.274471 ms  DeleteObjects: 0.085341 ms)

AssetImportParameters requested are different than current active one (requested -> active):
  custom:video-decoder-ogg-theora: a1e56fd34408186e4bbccfd4996cb3dc -> 
  custom:container-muxer-webm: aa71ff27fc2769a1b78a27578f13a17b -> 
  custom:container-demuxer-webm: 4f35f7cbe854078d1ac9338744f61a02 -> 
  custom:container-demuxer-ogg: 62fdf1f143b41e24485cea50d1cbac27 -> 
  custom:video-encoder-webm-vp8: eb34c28f22e8b96e1ab97ce403110664 -> 
  custom:video-decoder-webm-vp8: 9c59270c3fd7afecdb556c50c9e8de78 -> 
  custom:audio-decoder-ogg-vorbis: bf7c407c2cedff20999df2af8eb42d56 -> 
  custom:audio-encoder-webm-vorbis: bf7c407c2cedff20999df2af8eb42d56 -> 
========================================================================
Received Prepare
Registering precompiled user dll's ...
Registered in 0.004564 seconds.
Begin MonoManager ReloadAssembly
Native extension for LinuxStandalone target not found
Refreshing native plugins compatible for Editor in 0.65 ms, found 0 plugins.
Preloading 0 native plugins for Editor in 0.00 ms.
Mono: successfully reloaded assembly
- Completed reload, in  1.531 seconds
Domain Reload Profiling:
	ReloadAssembly (1531ms)
		BeginReloadAssembly (113ms)
			ExecutionOrderSort (0ms)
			DisableScriptedObjects (6ms)
			BackupInstance (0ms)
			ReleaseScriptingObjects (0ms)
			CreateAndSetChildDomain (48ms)
		EndReloadAssembly (1342ms)
			LoadAssemblies (89ms)
			RebuildTransferFunctionScriptingTraits (0ms)
			SetupTypeCache (496ms)
			ReleaseScriptCaches (2ms)
			RebuildScriptCaches (70ms)
			SetupLoadedEditorAssemblies (443ms)
				LogAssemblyErrors (0ms)
				InitializePlatformSupportModulesInManaged (6ms)
				SetLoadedEditorAssemblies (1ms)
				RefreshPlugins (1ms)
				BeforeProcessingInitializeOnLoad (85ms)
				ProcessInitializeOnLoadAttributes (327ms)
				ProcessInitializeOnLoadMethodAttributes (15ms)
				AfterProcessingInitializeOnLoad (8ms)
				EditorAssembliesLoaded (0ms)
			ExecutionOrderSort2 (0ms)
			AwakeInstancesAfterBackupRestoration (27ms)
Platform modules already initialized, skipping
Refreshing native plugins compatible for Editor in 0.59 ms, found 0 plugins.
Preloading 0 native plugins for Editor in 0.00 ms.
Unloading 2937 Unused Serialized files (Serialized files now loaded: 0)
System memory in use before: 145.6 MB.
System memory in use after: 145.8 MB.

Unloading 15 unused Assets to reduce memory usage. Loaded Objects now: 3898.
Total: 7.023343 ms (FindLiveObjects: 0.382308 ms CreateObjectMapping: 0.226259 ms MarkObjects: 6.282886 ms  DeleteObjects: 0.130673 ms)

AssetImportParameters requested are different than current active one (requested -> active):
  custom:video-decoder-ogg-theora: a1e56fd34408186e4bbccfd4996cb3dc -> 
  custom:container-muxer-webm: aa71ff27fc2769a1b78a27578f13a17b -> 
  custom:container-demuxer-webm: 4f35f7cbe854078d1ac9338744f61a02 -> 
  custom:container-demuxer-ogg: 62fdf1f143b41e24485cea50d1cbac27 -> 
  custom:video-encoder-webm-vp8: eb34c28f22e8b96e1ab97ce403110664 -> 
  custom:video-decoder-webm-vp8: 9c59270c3fd7afecdb556c50c9e8de78 -> 
  custom:audio-decoder-ogg-vorbis: bf7c407c2cedff20999df2af8eb42d56 -> 
  custom:audio-encoder-webm-vorbis: bf7c407c2cedff20999df2af8eb42d56 -> 
========================================================================
Received Prepare
Registering precompiled user dll's ...
Registered in 0.004507 seconds.
Begin MonoManager ReloadAssembly
Native extension for LinuxStandalone target not found
Refreshing native plugins compatible for Editor in 0.59 ms, found 0 plugins.
Preloading 0 native plugins for Editor in 0.00 ms.
Mono: successfully reloaded assembly
- Completed reload, in  1.375 seconds
Domain Reload Profiling:
	ReloadAssembly (1376ms)
		BeginReloadAssembly (128ms)
			ExecutionOrderSort (0ms)
			DisableScriptedObjects (6ms)
			BackupInstance (0ms)
			ReleaseScriptingObjects (0ms)
			CreateAndSetChildDomain (57ms)
		EndReloadAssembly (1175ms)
			LoadAssemblies (89ms)
			RebuildTransferFunctionScriptingTraits (0ms)
			SetupTypeCache (429ms)
			ReleaseScriptCaches (1ms)
			RebuildScriptCaches (55ms)
			SetupLoadedEditorAssemblies (406ms)
				LogAssemblyErrors (0ms)
				InitializePlatformSupportModulesInManaged (5ms)
				SetLoadedEditorAssemblies (1ms)
				RefreshPlugins (1ms)
				BeforeProcessingInitializeOnLoad (77ms)
				ProcessInitializeOnLoadAttributes (307ms)
				ProcessInitializeOnLoadMethodAttributes (8ms)
				AfterProcessingInitializeOnLoad (7ms)
				EditorAssembliesLoaded (0ms)
			ExecutionOrderSort2 (0ms)
			AwakeInstancesAfterBackupRestoration (26ms)
Platform modules already initialized, skipping
Refreshing native plugins compatible for Editor in 0.56 ms, found 0 plugins.
Preloading 0 native plugins for Editor in 0.00 ms.
Unloading 2937 Unused Serialized files (Serialized files now loaded: 0)
System memory in use before: 145.7 MB.
System memory in use after: 145.8 MB.

Unloading 15 unused Assets to reduce memory usage. Loaded Objects now: 3900.
Total: 6.958609 ms (FindLiveObjects: 0.303922 ms CreateObjectMapping: 0.127046 ms MarkObjects: 6.440346 ms  DeleteObjects: 0.085801 ms)

AssetImportParameters requested are different than current active one (requested -> active):
  custom:video-decoder-ogg-theora: a1e56fd34408186e4bbccfd4996cb3dc -> 
  custom:container-muxer-webm: aa71ff27fc2769a1b78a27578f13a17b -> 
  custom:container-demuxer-webm: 4f35f7cbe854078d1ac9338744f61a02 -> 
  custom:container-demuxer-ogg: 62fdf1f143b41e24485cea50d1cbac27 -> 
  custom:video-encoder-webm-vp8: eb34c28f22e8b96e1ab97ce403110664 -> 
  custom:video-decoder-webm-vp8: 9c59270c3fd7afecdb556c50c9e8de78 -> 
  custom:audio-decoder-ogg-vorbis: bf7c407c2cedff20999df2af8eb42d56 -> 
  custom:audio-encoder-webm-vorbis: bf7c407c2cedff20999df2af8eb42d56 -> 
========================================================================
Received Prepare
Registering precompiled user dll's ...
Registered in 0.004599 seconds.
Begin MonoManager ReloadAssembly
Native extension for LinuxStandalone target not found
Refreshing native plugins compatible for Editor in 0.64 ms, found 0 plugins.
Preloading 0 native plugins for Editor in 0.00 ms.
Mono: successfully reloaded assembly
- Completed reload, in  1.482 seconds
Domain Reload Profiling:
	ReloadAssembly (1483ms)
		BeginReloadAssembly (122ms)
			ExecutionOrderSort (0ms)
			DisableScriptedObjects (6ms)
			BackupInstance (0ms)
			ReleaseScriptingObjects (0ms)
			CreateAndSetChildDomain (50ms)
		EndReloadAssembly (1284ms)
			LoadAssemblies (94ms)
			RebuildTransferFunctionScriptingTraits (0ms)
			SetupTypeCache (446ms)
			ReleaseScriptCaches (2ms)
			RebuildScriptCaches (59ms)
			SetupLoadedEditorAssemblies (468ms)
				LogAssemblyErrors (0ms)
				InitializePlatformSupportModulesInManaged (6ms)
				SetLoadedEditorAssemblies (1ms)
				RefreshPlugins (1ms)
				BeforeProcessingInitializeOnLoad (93ms)
				ProcessInitializeOnLoadAttributes (352ms)
				ProcessInitializeOnLoadMethodAttributes (9ms)
				AfterProcessingInitializeOnLoad (7ms)
				EditorAssembliesLoaded (0ms)
			ExecutionOrderSort2 (0ms)
			AwakeInstancesAfterBackupRestoration (28ms)
Platform modules already initialized, skipping
Refreshing native plugins compatible for Editor in 0.55 ms, found 0 plugins.
Preloading 0 native plugins for Editor in 0.00 ms.
Unloading 2937 Unused Serialized files (Serialized files now loaded: 0)
System memory in use before: 145.7 MB.
System memory in use after: 145.9 MB.

Unloading 15 unused Assets to reduce memory usage. Loaded Objects now: 3902.
Total: 7.636244 ms (FindLiveObjects: 0.591369 ms CreateObjectMapping: 0.216172 ms MarkObjects: 6.749980 ms  DeleteObjects: 0.077326 ms)

AssetImportParameters requested are different than current active one (requested -> active):
  custom:video-decoder-ogg-theora: a1e56fd34408186e4bbccfd4996cb3dc -> 
  custom:container-muxer-webm: aa71ff27fc2769a1b78a27578f13a17b -> 
  custom:container-demuxer-webm: 4f35f7cbe854078d1ac9338744f61a02 -> 
  custom:container-demuxer-ogg: 62fdf1f143b41e24485cea50d1cbac27 -> 
  custom:video-encoder-webm-vp8: eb34c28f22e8b96e1ab97ce403110664 -> 
  custom:video-decoder-webm-vp8: 9c59270c3fd7afecdb556c50c9e8de78 -> 
  custom:audio-decoder-ogg-vorbis: bf7c407c2cedff20999df2af8eb42d56 -> 
  custom:audio-encoder-webm-vorbis: bf7c407c2cedff20999df2af8eb42d56 -> 
========================================================================
Received Prepare
Registering precompiled user dll's ...
Registered in 0.004631 seconds.
Begin MonoManager ReloadAssembly
Native extension for LinuxStandalone target not found
Refreshing native plugins compatible for Editor in 0.69 ms, found 0 plugins.
Preloading 0 native plugins for Editor in 0.00 ms.
Mono: successfully reloaded assembly
- Completed reload, in  1.423 seconds
Domain Reload Profiling:
	ReloadAssembly (1424ms)
		BeginReloadAssembly (115ms)
			ExecutionOrderSort (0ms)
			DisableScriptedObjects (6ms)
			BackupInstance (0ms)
			ReleaseScriptingObjects (0ms)
			CreateAndSetChildDomain (50ms)
		EndReloadAssembly (1239ms)
			LoadAssemblies (88ms)
			RebuildTransferFunctionScriptingTraits (0ms)
			SetupTypeCache (423ms)
			ReleaseScriptCaches (2ms)
			RebuildScriptCaches (60ms)
			SetupLoadedEditorAssemblies (471ms)
				LogAssemblyErrors (0ms)
				InitializePlatformSupportModulesInManaged (6ms)
				SetLoadedEditorAssemblies (1ms)
				RefreshPlugins (1ms)
				BeforeProcessingInitializeOnLoad (77ms)
				ProcessInitializeOnLoadAttributes (370ms)
				ProcessInitializeOnLoadMethodAttributes (9ms)
				AfterProcessingInitializeOnLoad (7ms)
				EditorAssembliesLoaded (0ms)
			ExecutionOrderSort2 (0ms)
			AwakeInstancesAfterBackupRestoration (28ms)
Platform modules already initialized, skipping
Refreshing native plugins compatible for Editor in 0.64 ms, found 0 plugins.
Preloading 0 native plugins for Editor in 0.00 ms.
Unloading 2937 Unused Serialized files (Serialized files now loaded: 0)
System memory in use before: 145.7 MB.
System memory in use after: 145.9 MB.

Unloading 15 unused Assets to reduce memory usage. Loaded Objects now: 3904.
Total: 7.272809 ms (FindLiveObjects: 0.318570 ms CreateObjectMapping: 0.170862 ms MarkObjects: 6.705734 ms  DeleteObjects: 0.076377 ms)

AssetImportParameters requested are different than current active one (requested -> active):
  custom:video-decoder-ogg-theora: a1e56fd34408186e4bbccfd4996cb3dc -> 
  custom:container-muxer-webm: aa71ff27fc2769a1b78a27578f13a17b -> 
  custom:container-demuxer-webm: 4f35f7cbe854078d1ac9338744f61a02 -> 
  custom:container-demuxer-ogg: 62fdf1f143b41e24485cea50d1cbac27 -> 
  custom:video-encoder-webm-vp8: eb34c28f22e8b96e1ab97ce403110664 -> 
  custom:video-decoder-webm-vp8: 9c59270c3fd7afecdb556c50c9e8de78 -> 
  custom:audio-decoder-ogg-vorbis: bf7c407c2cedff20999df2af8eb42d56 -> 
  custom:audio-encoder-webm-vorbis: bf7c407c2cedff20999df2af8eb42d56 -> 
========================================================================
Received Prepare
Registering precompiled user dll's ...
Registered in 0.004843 seconds.
Begin MonoManager ReloadAssembly
Native extension for LinuxStandalone target not found
Refreshing native plugins compatible for Editor in 0.78 ms, found 0 plugins.
Preloading 0 native plugins for Editor in 0.00 ms.
Mono: successfully reloaded assembly
- Completed reload, in  1.470 seconds
Domain Reload Profiling:
	ReloadAssembly (1470ms)
		BeginReloadAssembly (124ms)
			ExecutionOrderSort (0ms)
			DisableScriptedObjects (6ms)
			BackupInstance (0ms)
			ReleaseScriptingObjects (0ms)
			CreateAndSetChildDomain (53ms)
		EndReloadAssembly (1272ms)
			LoadAssemblies (97ms)
			RebuildTransferFunctionScriptingTraits (0ms)
			SetupTypeCache (452ms)
			ReleaseScriptCaches (2ms)
			RebuildScriptCaches (56ms)
			SetupLoadedEditorAssemblies (470ms)
				LogAssemblyErrors (0ms)
				InitializePlatformSupportModulesInManaged (6ms)
				SetLoadedEditorAssemblies (1ms)
				RefreshPlugins (1ms)
				BeforeProcessingInitializeOnLoad (83ms)
				ProcessInitializeOnLoadAttributes (363ms)
				ProcessInitializeOnLoadMethodAttributes (9ms)
				AfterProcessingInitializeOnLoad (7ms)
				EditorAssembliesLoaded (0ms)
			ExecutionOrderSort2 (0ms)
			AwakeInstancesAfterBackupRestoration (28ms)
Platform modules already initialized, skipping
Refreshing native plugins compatible for Editor in 0.58 ms, found 0 plugins.
Preloading 0 native plugins for Editor in 0.00 ms.
Unloading 2937 Unused Serialized files (Serialized files now loaded: 0)
System memory in use before: 145.7 MB.
System memory in use after: 145.9 MB.

Unloading 15 unused Assets to reduce memory usage. Loaded Objects now: 3906.
Total: 6.767943 ms (FindLiveObjects: 0.307136 ms CreateObjectMapping: 0.158525 ms MarkObjects: 6.196212 ms  DeleteObjects: 0.104368 ms)

AssetImportParameters requested are different than current active one (requested -> active):
  custom:video-decoder-ogg-theora: a1e56fd34408186e4bbccfd4996cb3dc -> 
  custom:container-muxer-webm: aa71ff27fc2769a1b78a27578f13a17b -> 
  custom:container-demuxer-webm: 4f35f7cbe854078d1ac9338744f61a02 -> 
  custom:container-demuxer-ogg: 62fdf1f143b41e24485cea50d1cbac27 -> 
  custom:video-encoder-webm-vp8: eb34c28f22e8b96e1ab97ce403110664 -> 
  custom:video-decoder-webm-vp8: 9c59270c3fd7afecdb556c50c9e8de78 -> 
  custom:audio-decoder-ogg-vorbis: bf7c407c2cedff20999df2af8eb42d56 -> 
  custom:audio-encoder-webm-vorbis: bf7c407c2cedff20999df2af8eb42d56 -> 
========================================================================
Received Prepare
Registering precompiled user dll's ...
Registered in 0.005197 seconds.
Begin MonoManager ReloadAssembly
Native extension for LinuxStandalone target not found
Refreshing native plugins compatible for Editor in 0.61 ms, found 0 plugins.
Preloading 0 native plugins for Editor in 0.00 ms.
Mono: successfully reloaded assembly
- Completed reload, in  1.352 seconds
Domain Reload Profiling:
	ReloadAssembly (1352ms)
		BeginReloadAssembly (127ms)
			ExecutionOrderSort (0ms)
			DisableScriptedObjects (6ms)
			BackupInstance (0ms)
			ReleaseScriptingObjects (0ms)
			CreateAndSetChildDomain (49ms)
		EndReloadAssembly (1153ms)
			LoadAssemblies (93ms)
			RebuildTransferFunctionScriptingTraits (0ms)
			SetupTypeCache (369ms)
			ReleaseScriptCaches (2ms)
			RebuildScriptCaches (70ms)
			SetupLoadedEditorAssemblies (405ms)
				LogAssemblyErrors (0ms)
				InitializePlatformSupportModulesInManaged (6ms)
				SetLoadedEditorAssemblies (1ms)
				RefreshPlugins (1ms)
				BeforeProcessingInitializeOnLoad (73ms)
				ProcessInitializeOnLoadAttributes (310ms)
				ProcessInitializeOnLoadMethodAttributes (9ms)
				AfterProcessingInitializeOnLoad (7ms)
				EditorAssembliesLoaded (0ms)
			ExecutionOrderSort2 (0ms)
			AwakeInstancesAfterBackupRestoration (26ms)
Platform modules already initialized, skipping
Refreshing native plugins compatible for Editor in 0.60 ms, found 0 plugins.
Preloading 0 native plugins for Editor in 0.00 ms.
Unloading 2937 Unused Serialized files (Serialized files now loaded: 0)
System memory in use before: 145.7 MB.
System memory in use after: 145.9 MB.

Unloading 15 unused Assets to reduce memory usage. Loaded Objects now: 3908.
Total: 7.025543 ms (FindLiveObjects: 0.309017 ms CreateObjectMapping: 0.172033 ms MarkObjects: 6.457287 ms  DeleteObjects: 0.085539 ms)

AssetImportParameters requested are different than current active one (requested -> active):
  custom:video-decoder-ogg-theora: a1e56fd34408186e4bbccfd4996cb3dc -> 
  custom:container-muxer-webm: aa71ff27fc2769a1b78a27578f13a17b -> 
  custom:container-demuxer-webm: 4f35f7cbe854078d1ac9338744f61a02 -> 
  custom:container-demuxer-ogg: 62fdf1f143b41e24485cea50d1cbac27 -> 
  custom:video-encoder-webm-vp8: eb34c28f22e8b96e1ab97ce403110664 -> 
  custom:video-decoder-webm-vp8: 9c59270c3fd7afecdb556c50c9e8de78 -> 
  custom:audio-decoder-ogg-vorbis: bf7c407c2cedff20999df2af8eb42d56 -> 
  custom:audio-encoder-webm-vorbis: bf7c407c2cedff20999df2af8eb42d56 -> 
AssetImportWorkerClient::OnTransportError - code=2 error=End of file
